{"file_hashes":[{"block_hashes":["k+w+PU+uMT8Uxkt9s780eiMCuh1e1oWTb7m59X6WdEA="],"block_size":4096,"path":"css/chunk-31bf83c8.5ac63cf2.css"},{"block_hashes":["y+gDKsAGsBSaH1C8AoRn8WwIZQD20zn7sWkuPqJ+V20=","W5mT09Vew8aYMawF6BoHZTs3+ICjBousDJVgegok1+4=","U4IO+9eFKn0rcoqMsRNHEgbpnCoNOh+xrlgHpcqmKTk=","kDBGRLh/L9m8jPZ0AXGhzz+cAg+tZdy5t6EBLe7F7tc=","3CT/UAZD/k4XXLWYDG8KaeUwjkLeu1zH4bXMxqtVX2s=","SnjGmfNL4wrqUF+ZFX63Oglikcw6eudXIIoxkKBTvv0=","fDF84DL6z0BKWVWq7bhA33s4CNDPniEg3hhdRxtamp0=","3MWpCY6YuujP2Re3QLqZZo/OeY8YQiYU5jj66EnrHAc="],"block_size":4096,"path":"css/chunk-common.56666b85.css"},{"block_hashes":["r+msGiiAWXDfBKO5sS5YKpXP6qzjR6vtNz9qAprAplU=","uhqrOgA0CWhllzttlfWHFjXnH5sxtoNH/ey7YHrPFuo=","OSMOBLcIWPsrJQ7SENkzqPw2t9pgdoqJVHOIQMOjJAs=","4TIotwytKcugPXVBGDYM1i1TQ44k8SmfBpgJE0B35sI=","4hY16on6VTa+ugeiqGtqlZVE1c0239EvYwZsFx0c8fk=","Ruj2cCXUQQQrUttBeVQ2C6+uZghtHgIayeakiuYTU88=","qmqVQVekXtjO8oiJKgQKGzhpnQCPdMXGMXnrXjrZSJ4=","E7CefTw0MSNMRznvs24vKpH4G7JJWxDKSrNgZVNFGnk=","zEFk0iDi/Ee+E6so2dvqbJILUrwfVlguDb28C4rBaF4=","Rmd4YTlEZ+cE9K1N2oMWMOPtZhe7YbNhTpcrTolo+Vc=","2cVXUQg5bkbHZBKv/RXNybZ4Gqo4/KOIQKF5hrlzPfA=","U8e7pDcmF6FGff3jDcJ5vaFlkTqrlAl7h8E/WMMBvIc=","j6ZxomT4mmBtiGks7T03azkGipIxz8m24vueIS18kRQ=","njDRfq03zzJGvonIg30JUYYlEwnywzJ+rzfcD5my0XY=","50RKQwWWfa+ajZYR4ZQyQCKCpLo+Nv/oaEVkmYORfzA=","QLs0IIxP08o8By+euct89Lr7INutJVLksn5pHShHZvw=","9Q3+/kD9qwJc50IsKXUIaMLqYMifYJBc+9B4tlcs6o8=","SSLm1ryiiCcOllKiHIaDjlRIsBX1XcmUhTes9+LJO8o=","F1JoOOrP3thbJBYVAwkIQs38DWlwZLk5ClcMppEPDag=","t+rMrfxGWrfq6VfbfSb/fdXJZr/WRBm2lDVF/JG3H0M=","SEfvkqOOTPaj8YwGA4sHFBlcP0L0tX/ouJTvf4fw200=","/RfBePdlPYsHHoB4VI1kDQfWWzivt2CaGC6Kg2AO8oM=","Ck8tdq7p/oDuwvsTx63rCCiWtP3hMWUeWHBVJyCaoMY=","pdsUCMigsBL0k0KOT5mT2xF14GYK+ccHj74y3EkVw88=","JRIFMXewG4j4OAFyZNlhUgqiDg72EW/mjWZP1DyiB3Q=","icky5BvoyF9YQt4TQeGadZezNjHQ1K7p8E+d3pK68h0=","yDQVpzGO7t5Stuc6IQHn+i+zMgfVYu+xz9P8dQe15og=","+CszP26KN3daxramDw/5e2Ze+WY05OLpjOtsRC+hwGE=","EpbO/kROW71tQ6UsWMvNrnAyvqm+9Kyp+V/aZYJkz8g=","A+ZrqWolX6w+0/Jbf1U+Lxg9dDZCmNR6GDp/x+S8i/0=","w4X3Dqgh4NSnwcLRxwbVjAY+Tr2OlYZqL4vptIWqsws=","arNgmSTOP3NQD6J10LqtzkCfv8GFViLujnywyIJHwoI=","IE8qxTuivfxkqvwVtx4LMFoINIV28OHrlg9/cGPlOSg=","+t5N05IYPKaGDHjqSUUQaG60tTcbwu7CsKYcDXoaGl4=","k9+DxrNV48wadjWwVqXvnoBhW4QSjSjtdZ0XHfzvTgw=","qAMDDVQTD5QwmSDHfI8kZ5deU9PnvUyc6ttvWk3Y/Wo=","ARXlEZcTUIXKo0lrOY5m/W2fad2QuRgf973sDzdefo0=","x4ntj8zbn5Hl3fmOq0lkWe84z5OfHfYLiTKM4dAj6vk=","Fk7IqJdFz7L5cocbLX167iT6waLoERZo3BQX6KUIbhg=","PvLTVO4FP4YwL1Uu5Eb5bLkkBqwhyvU1XBd6IDhXX3c=","TYCf+WrE3pKcUmr3OGiV4aBIrb8I3plTPC5ewetXnEI=","nwv8tBq9eAn4OZ/VCzLkfd78gV8e5bfWQ6lxUop/AVA=","t4TkVixb1NH511M3sZ6VAxnz7H4wAx9x4emDi/fIkbk=","0sHvk8yG6tFKtDq+3uM7PN/YPUMMhoXUqOEMt3m9Lio=","th67AxiCKCsx9Omn4lFq8rKlMA1ctUdTFKCDlnYiGnk=","2SWaFcwDVDYYMY9xg4Bf3uaAvIfsY0K6MptwlCee7AQ=","TWxgdQsZTQJMEfHuCNW3/cRvoPZojvGKIcGIxPDBB48=","Cx52DvnOhDbMoSfUxT+6IpKg/8eI4vy5QeYnd82getE=","mgEJq9QcHLEdsbq9mOF/dJE0bLrEBncOTYglIlSpC14=","k6nHIpX08UAgbNY+dpr/aRC4UaqQFjfz5dNHVjoKjj8=","3+DFMk4sZ2zlZJ5/NwWG9TFz7fraYbxvAIXBb0z1Nm4=","L93oIZrWzVArLncwvqt3i43IBPtuDz6oZFIo8aDb1mA=","1PQsO+/SJ5MzVtSbcrHWt1y+4/kTUkcx2i7eaqqLK2o="],"block_size":4096,"path":"css/chunk-vendors.a6166262.css"},{"block_hashes":["O6HJCGtokC7B7Z+IOIoG85SG+n3JxvBBq/Q9H6I43zQ="],"block_size":4096,"path":"css/phishing.ab2c860f.css"},{"block_hashes":["mZMTAqoSMIKYiCNYJtLhJVTyk57ztetw0GPT9FD6CqA="],"block_size":4096,"path":"favicon.ico"},{"block_hashes":["zV/m4sAdlNAOLYc0UTAiMRAzvFE34Rw0W+5mf0W7tvI=","/JsRhC/Uo/P5oyQf3tHKdLZkK3isOG/X8rVAg1JbeYE=","kN04l1LVc4jpV1IMGruB52DaNgHFd1aPMIXal5GcK/A=","WrYiPeW+Ihdv1fqT42CYZUBGZMs3/S3CGb0ZU30VOtc=","7VZOMi8sr52K8PS9eOZOzS8rkfaU2CsZJwIz53nGq0Q=","+Fm78VEnSLe74AyUEKs7U+JCeUYAaQN/Q05HdHl+59Q=","s1zV4aFxW0evIGwf7dMa9Obg+sbK5XwVcUyBIJnRWCI="],"block_size":4096,"path":"fonts/element-icons.535877f5.woff"},{"block_hashes":["cAXWzkpBPJMrR6JK5O8yKPjyr6nEELybwT66woGzgpE=","/fY4UijkaqLLaq1S1n12/urxOrAB4/chZWmIqNUW+6g=","WjaM+0nWyxBQ2mcupU6hXS/zpsk52zuNxyBd/GGfsXA=","IFMopK8qWZwIoCpQrjruUeU+3lbp2lY8Z8kUOoph89c=","U6NCBinVZi4Ad3w6wMDwcxRqZX5UrNB18V/awnKysUE=","ipOSncIvFc/6L8rOORtZfZ0VO4ZQmlSyq3eExooBHG8=","Bi4gMLgdoemGIaEURfpKcbWG6f9dqQ/t9a2kzIwZP0E=","DJB4g5XVXZNlRkVfSo6mJcmKJA0cNka8i9z3FtyRrHU=","T0m8CW6ZOeAucgzNNC0JQFXzlegVKMnFyf0biBWbGQk=","TY8dRKTid/NceaQSdv/gCrV6AtWzGpCKL/qf74KviJ4=","Z36Dgjf4HyjTCqt8Z76X69mOymNctBvPxw1sNQNlQ/o=","0OmxaTuNWFomaSjDDuFz8H76iXsiBaBt+1VPPiy6TkY=","adx7yfPSmxlDaV+GI6fppka1J9AbPg+llAoQCeY0QF0=","8DkJ41SZG4u8qcoJScebqrIc251jpUapI3yCj0d2Crs="],"block_size":4096,"path":"fonts/element-icons.732389de.ttf"},{"block_hashes":["cAXWzkpBPJMrR6JK5O8yKPjyr6nEELybwT66woGzgpE=","/fY4UijkaqLLaq1S1n12/urxOrAB4/chZWmIqNUW+6g=","WjaM+0nWyxBQ2mcupU6hXS/zpsk52zuNxyBd/GGfsXA=","IFMopK8qWZwIoCpQrjruUeU+3lbp2lY8Z8kUOoph89c=","U6NCBinVZi4Ad3w6wMDwcxRqZX5UrNB18V/awnKysUE=","ipOSncIvFc/6L8rOORtZfZ0VO4ZQmlSyq3eExooBHG8=","Bi4gMLgdoemGIaEURfpKcbWG6f9dqQ/t9a2kzIwZP0E=","DJB4g5XVXZNlRkVfSo6mJcmKJA0cNka8i9z3FtyRrHU=","T0m8CW6ZOeAucgzNNC0JQFXzlegVKMnFyf0biBWbGQk=","TY8dRKTid/NceaQSdv/gCrV6AtWzGpCKL/qf74KviJ4=","Z36Dgjf4HyjTCqt8Z76X69mOymNctBvPxw1sNQNlQ/o=","0OmxaTuNWFomaSjDDuFz8H76iXsiBaBt+1VPPiy6TkY=","adx7yfPSmxlDaV+GI6fppka1J9AbPg+llAoQCeY0QF0=","8DkJ41SZG4u8qcoJScebqrIc251jpUapI3yCj0d2Crs="],"block_size":4096,"path":"fonts/element-icons.ttf"},{"block_hashes":["zV/m4sAdlNAOLYc0UTAiMRAzvFE34Rw0W+5mf0W7tvI=","/JsRhC/Uo/P5oyQf3tHKdLZkK3isOG/X8rVAg1JbeYE=","kN04l1LVc4jpV1IMGruB52DaNgHFd1aPMIXal5GcK/A=","WrYiPeW+Ihdv1fqT42CYZUBGZMs3/S3CGb0ZU30VOtc=","7VZOMi8sr52K8PS9eOZOzS8rkfaU2CsZJwIz53nGq0Q=","+Fm78VEnSLe74AyUEKs7U+JCeUYAaQN/Q05HdHl+59Q=","s1zV4aFxW0evIGwf7dMa9Obg+sbK5XwVcUyBIJnRWCI="],"block_size":4096,"path":"fonts/element-icons.woff"},{"block_hashes":["Nng1ma8omx2CJEceB4euMZkWFHBtzvHbtJWqGAKfTBU=","P7YskZ5eJjBPjG0Z8t6AhoLb4U/Ag3cNKJAoHaVWNYI=","cqAZcXJXB/DvjgzrbNpMce/kcj+CYxt9CZtVVNriIpM=","wyxF2FEz1599jnEBYMwv7i6RyMhMIvTxXhqB7FbNcTI=","+aocHWXZgD4pD+xaQPozsHVaiJvkAS5tF956cqlw06c=","fJKG4Z/08AO7ot3q9SWSAgZ+HZXpmsb0Diw88A2A+P4=","2WiqjwR4/zruUjTI0+sTBbf0yyOJ48P8UEjDBOaigbI=","FT93eEvxdW8tfPHCcxSQKUczX9e+j5trJYyvz8CYMy4=","prf1qEUh8ru0693BJeeOpmESqFSfGuPTARMV8hioK14=","G2HCWa6RmpqCGMHRl/zUNzlLqCFbPPP7TdqDxPJC8Sk=","nloIdcthSRJ9fv1ftgbjtPBdajd6y7ZspDWVSnBrUgg=","iiA5fr1iQ4fwE0gkvVh4UxWOIZNOkSBpi3ZU30zVE5c=","R4zihSr3NQ4l0Q1Ksy0pf/z6r803soxOPU0zHCUugJc=","Pzj4yNmuB+OXv0PN9pWQyCe2N/cr5K0NPjiUL+wQRVA=","x4Dtyviv3384ixPkLei6IEPo91Mem8DpG5JviAw5TrY=","INJ8bFUA2wGerfoOEupyrb6qhsiL2ESuDX0Ljsd8jcU=","S6pGYAwk0qCrKIxdcdJbv6r/kY7YUMV72Grx0Bm9Qrw=","gyaxO1RUZxntArI6clQSb3Ss3iAPDHST+Vgu9STYl00=","InRCHwXvBe29swHMAvZu9b3XhArWJfO14c+oYNPOxEc=","w5net1767RJ4JOHQ0RjbwwrJOwMhcNlOpwG65Mo+zbY=","QmounGtfJ+Ei7j45Yh61zmbH1XuJsyP+etKcmJioiYA=","xOMHrr4kk4OD4PlMkEVLYi94Rpz56dm622vBvpdbtwo=","Gt3kCwWiCLVNiTvTlAmkL1P6thVDZzLrmBVrTxgMBJo=","Da4PzBqel3Zw+x9+SKScabXYx/FoQdfXHn6h3c8XjEA=","mbWhyXtfrgxHDaQRxvJHTtI3KYo/AW29g3j61+CM6MU=","A+YEjSaEk1+1lcBtpNPz8q/KvE5+CnrkRzro05Dz6wA=","WiTn42URrrGQojSTOOU2d2VFr8KSuR9endBIdkVps0g=","6zvCOv8Qi5F9aK0dcjpQZJemVz2WkX8tiT8d5vce0tE=","Ep/oPV7mcasDP0308XheS1J+uBjV9LnzV4jqbzphzHU=","hDu2hYxYdX1R9KTQXeC7gJTHxrilt+MGNyfYq1gWf+E=","KkPuGtQl0EYM4nU0a4Uc/7wlZDxHxreE5LXa/9mke3g=","ALlShpOPH7+5TyAs+Qv3t1HyHa4HJmFqq9tzjv9Hh1k=","8LLpIRw6khmg4ZsU4HhY7mSAWjihxreXIbm1T4Ojqeo=","jZRr8n9bMtferzRXVLON7+D+ZiGZC9NC5hDK/znDZus=","tvkF6lbLVHbdDVy6iYCGA53SZU5oUtr1EBqP8jiQOxg=","Kv60hdLgCvxVZsW4MKtQIlxpQELkbubDu/ZLCKLR2NE=","xFs77bbuiDSjui0/d+eEM1kV0lMzQDPq7DP9OX8Dne0=","vRtYt/ymg46w3rSh6Kpcdmz9M9Ykp/5TAe1vIGADjTY=","7FFqf7sJuWLGftKREQ7RIwCPpQ+odM/h1vNmBxhBCPo=","K3XFX96yR02y/DFlrqDyALD/Ao+8F4/r5l0ByjoJFnM=","zvRhro81njMy3UQMHgxA8aRhJSkKYcpEJbPrD6TKbdY=","HxCuN3UqSFE2ABqVXE2qO/lMPOVmhvqO9VDp8HVOwPo="],"block_size":4096,"path":"fonts/Roboto-Regular.8a36205b.ttf"},{"block_hashes":["mZMTAqoSMIKYiCNYJtLhJVTyk57ztetw0GPT9FD6CqA="],"block_size":4096,"path":"icons/favicon.png"},{"block_hashes":["DGPN5pJeCBfaHLu7bRjfKgqWn5jj+r78oZKZmsgkrbQ="],"block_size":4096,"path":"img/alert.9963ac04.svg"},{"block_hashes":["6iF267LOD/UDUrwb3cEoIcVXmjGfLwWM2K6DN1beyao="],"block_size":4096,"path":"img/alert.svg"},{"block_hashes":["7f/sRVNKbg4zaI+7e5Tk/fOXr/StpKIa+FO74BTJemg="],"block_size":4096,"path":"img/chain-arbitrum.24a26950.svg"},{"block_hashes":["ClyvbKrgy5RE3ltuCfwKIdhn/O6XQMuQXKgUuKNEvU8="],"block_size":4096,"path":"img/chain-base.f023a9a0.svg"},{"block_hashes":["vpfQwrSHPY56+Dkx0q9iMFSWvH+nc8qiEXq7x4wDb4U="],"block_size":4096,"path":"img/chain-bnb.b7d554d1.svg"},{"block_hashes":["dRpKlXf2/LfuMVs0BtzqQJGl9Pn9CSAi9TBf7iHPl34="],"block_size":4096,"path":"img/chain-eth.1649b3b2.svg"},{"block_hashes":["KMvD21vSX7j5WHfR+s9A3KRxY6TOUkFR0Y/ZagSXp0Y="],"block_size":4096,"path":"img/chain-ftmscan.a4ec170f.svg"},{"block_hashes":["kPTxs0/yEZwK6+yBf+lvnUX+rfgLj6oXC66DIlC50Ms=","UuSP1xms6A3J/e9wX6nXAvQRpgn83PH5+WSxjyFSZUE=","I6BhWXtEMAO7HPnrvXYF+GjBijKLClHwnAWfo/p0REI=","siqzjtV/39qUid4JQO9OZIm20+kYYRu8G2JpwMNDBf4=","PhEWQLT5TNkuajST19oDJOC4iOvlGmdD44LmbEyulTI=","3DTG79iqnxJ0QypFiBleXdP1wyEWId2h847YOPeD7UA=","PI73kT6AU8jhLGUenVyGEHxrH+RC2yFTrWAMLaT8bEU="],"block_size":4096,"path":"img/chain-szawxl.c8ba49e8.svg"},{"block_hashes":["xAXCWyoZpMhLCEZFwxfoWwRR8jrR2D1nB3gH/6mE/Gk="],"block_size":4096,"path":"img/danger-circle-marvelat.7c37d4c3.svg"},{"block_hashes":["sk8GMI/63wWc7+l+qmf3WFexP06xRvKagsAFnTmYjSY="],"block_size":4096,"path":"img/danger-triangle-marvelat-s.57db4cb5.svg"},{"block_hashes":["/o+Mc6sQ0sTQsdYiDDJmFsuI3zM5GuoBQQitH472uBg="],"block_size":4096,"path":"img/danger-triangle-marvelat.01d0bbf8.png"},{"block_hashes":["YJiI6c/UMhAVXoEoxw2GLn0uaoiaFipGN6rixLxWhZM="],"block_size":4096,"path":"img/default-circle-i.89cab432.svg"},{"block_hashes":["cKEjCCESWKrxXerKfo1e9uJ5Qv4aI9Uk8IINz3LfhlM=","MQtilXJWd9kYWEe494mMTT5OVbaCtMOO5n0W5IIflnQ="],"block_size":4096,"path":"img/default-circle-question.d837388d.png"},{"block_hashes":["EULg9fbUTi/3JaBCF2lSs/pUKCDVmsZS4JCBQklY+2A=","ruOya9IIXxvr9tfeJo/iK8sUqDi89Xb+iDxSdgLdM8E=","EEBPKui0+UydDA3EAHniv76KsGELGP3rdXzYfG20MiQ=","biG/U7SLlqArfRiXlB7IdnVO2i1/iJYVUxYPl2GUsX8=","WjoIqqJfxMBH7CPXO/7Rp/ggLAVuOqGyoqnJZmiHPJ0=","U3exApKxX7G4YsBkHDCCApXfvszx8Hv8C+/TeGZF8ms=","LCqQ2s1NXmKgu0/ScUrEXyPgGpgfi0UEhel30CI9hUw=","vy7Eii/+iF7xijy67Mnne/mIJH+gMs4yPI/tj0jhTNM=","a2e4fbDJaZ0loKRGZVqIV2kfk6JNl8TSncNqii6fzdk=","6Nd1TjST60Bw7piADDuX5eAGixMrKf+QH2KN7+wTgc4=","/W7E2GUN2//gCy2d2aVfxlGoCEktpzVMmZGec+PdcJs=","HPtS1gOoHYYdvnVXEziAaEc5+sOXEsrZH5fU1CHsCGA=","xNSzb+a0RUcyjr+YguTywOxeAET/X1roBsNRsbBW9FY=","oQMd1FTdY4yGVRzCggpc9WNChjdewVlx4V4GvoiFb0M=","fI8DKFqfpEPoqnKAtZbKhwFgfvP3nsyL7R3wfkcCz3k=","udOnFPN1mYWX03awDE2e8fstHeENNrjmU0fSlKSPrvA=","yAEb4KVr6iWsxaR32E8EiqysrMFiv87W5PEWlP9dewQ="],"block_size":4096,"path":"img/error01.0b8fe8c5.png"},{"block_hashes":["ba/wDiw5xgbejvez6TiS5vuQddNz/l3bH49e0CAXAbw=","qDXhDmB2TCn9ipzOQ6xKvcxqjSdiErRlZB60H/YbdrI=","COci2KDEGTMGeN2V1rhvNugdA1V6TernQByclBrnc0s=","Jd3c5hyZjOaytpO45aCFJYTKyPRYxbfd4dXYYzEJTi4=","cD+Csx3ojuKOyxjnKiicwk60iSkceZkRKCxw3N3pme8=","UmGwQIOxQBXRvEM9y6rH9QwZmRXbYXLk8G+yjcXclhI=","NJmgBVvnhDjTc+TUZHVrFQRadMbS5f4UagnzfD59D1c=","B7ay7EOj6duiw3mgnevQVNZ+kYUV0iHAlXm+4wsYshs=","5BKgomd8ntrv+IIjoIclbwg5G0pQ52tGj0YZobVNqII=","s4kttNd0vghK8Lv4yaKUNxvghUfpG1K9Dow/NkKnGEQ=","ugHHTNPYBVZlCJlVKHUgOPbqGP/DpNvrCj/KNt/KTFY=","ftlxzVMjVN8PlSk+h7TknTQHOiD4GGc5MoZ6jIlRKTE=","fc0o4EC4IeGm/WElfJAvPafKJKjEu9YdBLfoIXD0CMQ=","9fEjz/nMiATjqZyaRVlPobsToPQrdEWdptBKOkzXRSU=","EXIFI/hGI3uqqiYSEFb4hL1hr0NXzDcIobf5Z65Zr6o=","1RjYsC74g6IqxNgYi08+6L8RtyYokqTNocQrKWFGD0Y=","b8NBUjBS0fo+NK4fnnQR8eHk90zW30oKZh/1ixCK4iY=","ZY5WTFP8Zmjs6S17g9qoVUeM90CJyR1jpK2nzbC3xdA=","2RthE4TKAl7/tAPrdrXNCwxgqdJLujvzwGZFmVOd4rE="],"block_size":4096,"path":"img/error03.1974a956.png"},{"block_hashes":["G1A/f+mf6OwrC6QQ5efu8x9q/KIP8A7gv58OBIIbteY="],"block_size":4096,"path":"img/icon-auth.b221fd6b.svg"},{"block_hashes":["U2wU6PGHNSTNoyeAmF0cnKEJvupIFIF3byH5v5ntzis="],"block_size":4096,"path":"img/icon-cannot.dd663e54.svg"},{"block_hashes":["7dUIhMz2Adk8+GM3KaUMaOvac0uURkHHzegmYhosnu8="],"block_size":4096,"path":"img/icon-copy.6a37535f.svg"},{"block_hashes":["vSBc4wIr+0D7zmDKXJtaXKe/reXrxs7Cj5XhMrcT1Vs="],"block_size":4096,"path":"img/icon-down.d32e2810.svg"},{"block_hashes":["ButCdpFh1PGMRFozR3iucVSbwcNn3+CyfAl52D4CAuk="],"block_size":4096,"path":"img/icon-down2.03fef2b6.svg"},{"block_hashes":["TZN+Dw+2Akyb7MjSi9oT2WDcriPBhwS/htAcoKfF5f4="],"block_size":4096,"path":"img/icon-limit.9df1cc02.svg"},{"block_hashes":["uC3pPiEPPltJVYZb4geKKW2N4GqjKyGP96BTo5JxpjI=","H7gKlWlweazSmEqv1DH+WFJ+yafMCnuVq3MrSWeyGXo="],"block_size":4096,"path":"img/icon-right.0c056f6d.png"},{"block_hashes":["Jpr8+dlAnGZBLTk3EZWdiHSBJP/UC2wLvI5lToHGCpA="],"block_size":4096,"path":"img/icon-search.8f734a11.svg"},{"block_hashes":["PKM172Enx2dHw/Cqv4gZj6wHMVSr9kQPpvSwX74iIME="],"block_size":4096,"path":"img/icon-token-adr.64af0fb9.svg"},{"block_hashes":["jUiqNDw7nsFVMu+pQuwbdQBGvSSKIPxw7F7+NpZP3Uc="],"block_size":4096,"path":"img/icon-unkonwn.f50890be.svg"},{"block_hashes":["y+nG7qM9sC6JaoqKawYKd+pyi61JnMXZbHS8jeqNYrY="],"block_size":4096,"path":"img/link01.5a88a6e7.svg"},{"block_hashes":["IW6CK/wMqLbhZxZrY74Q2LomVRnadU7Q2U9Uz9m4Y1o="],"block_size":4096,"path":"img/link02.4a476dbd.svg"},{"block_hashes":["RPHGhV1IZ0FUQDGg4eDZkU7bzbF2wSxBISv3D7em77w="],"block_size":4096,"path":"img/link03.f71a7393.svg"},{"block_hashes":["QNINV5niCywhWCWRS/4Lob6BukC7dkrR5VwUfYBN5rg="],"block_size":4096,"path":"img/loading-airdrop.42e0b869.svg"},{"block_hashes":["AzdVU6IfqRwkPt0avSdoFIpwSitTXWeUEM0XXO781s0="],"block_size":4096,"path":"img/loading-app.f2fb1df7.svg"},{"block_hashes":["mSi1puP+n7TgoYpylzFjM8WrvVTXFz16alYsENZSL/8="],"block_size":4096,"path":"img/loading-buy.fa67352c.svg"},{"block_hashes":["s+xGGj6WppJm6ka0ndxTdsZ7faVq7nQSAeeWif0bbWs="],"block_size":4096,"path":"img/loading-freemint.4bce8074.svg"},{"block_hashes":["uw3eFcyZ/JDBKqodi12SC2lhQiCsv5t6WqBud1/CEN4="],"block_size":4096,"path":"img/loading-mint.e6154307.svg"},{"block_hashes":["5K4Mw/fTkSqIZsoLYomcqgzg5LM2jwe/qy3c03SDyCQ="],"block_size":4096,"path":"img/loading-protect.98750787.svg"},{"block_hashes":["n4TxyFGXr+IJeVXced9tFMq6znEmtCUGSpBsXQsxa64="],"block_size":4096,"path":"img/loading-send.784fd84a.svg"},{"block_hashes":["R7gfxnvkGZbDLDeBU5hmf1WLq5W8owz8fHiRFwx70P0="],"block_size":4096,"path":"img/loading-swap.47df27c4.svg"},{"block_hashes":["myGASQ2savnnNS1Kb/+9U7BU6MMB8jIVTsX3rtmIus8="],"block_size":4096,"path":"img/logo-s.d4709a82.svg"},{"block_hashes":["jAsVI1gb+izkQ67P0bIT9WPbXlM+kMMrm9Klf6Ebaqw=","FHEfoZSMokTAzj5LVWdPrmMrnuNinL0EUCQBj1QyfNs=","yYI7FDZtnkIJuG9nkHnMa1RRO3fjdEp4rk/nPz82wyw="],"block_size":4096,"path":"img/logo.d544e2f0.svg"},{"block_hashes":["hFG7zLR2kYh4E3oox1c3S36AuoH0f/AjjpgMYnDUk7I="],"block_size":4096,"path":"img/menu01-b.8ecd7c5f.png"},{"block_hashes":["CmbGDj//WQdz9QWYyf10goND7+hC7omo9d/fUOUglP8="],"block_size":4096,"path":"img/menu01-g.a9ddb6b8.png"},{"block_hashes":["xljKxpVFnaEw6AhElFyGK2qS9oNFxIAjAxMBC6ksXpE="],"block_size":4096,"path":"img/menu01.362d8eb4.png"},{"block_hashes":["IqaGZmwVnhMFvcv4P+klzCZtNVxoceCPKoG4uXCwehY="],"block_size":4096,"path":"img/menu02.523519ac.png"},{"block_hashes":["wX7hC4pcCFQ0S3hG8L4yIq0HVaIIG8h2LgSgDzsTAJ4="],"block_size":4096,"path":"img/menu03-b.9674af55.png"},{"block_hashes":["Ity6qnrCg6OOcPH2a+d0CfqJzKQcX21y7QHezzx9aIQ="],"block_size":4096,"path":"img/menu03.4b3125a1.png"},{"block_hashes":["U+wnIctT+9C3jL/oHxA6+M2G2NsrGgWylJMfTtmoUzQ="],"block_size":4096,"path":"img/menu04-b.86e3591f.png"},{"block_hashes":["u+FEwTgiub1c/gdc9eqGVL+aSNFET2zixKrqLYfKsk0="],"block_size":4096,"path":"img/menu04-g.e304d538.png"},{"block_hashes":["P0CAquHhbtI/BIQL8Ibj0HW4Glt9TA7hDaw7OuGGyFo="],"block_size":4096,"path":"img/menu04.68496b74.png"},{"block_hashes":["KDm2OgY3VCHbviyQP/KE/hibKqMcXScoOFqmSxZ4KCY="],"block_size":4096,"path":"img/menu05-b.bb6ce781.png"},{"block_hashes":["3ginL6sd8DIgT9QBCP8kn2ORZY9wv/z16qS40yuBrR8="],"block_size":4096,"path":"img/menu05-g.c5f0f02a.png"},{"block_hashes":["934D3uN8rGXvRZFoxIfAJtLEN975wBweD3tMmNwdkkg=","6B4ZDpV/ZS6hRKZXXZrjJR62QTF7YN4kCbDaMIEw8+w=","guFlwkYfHDy5LyODmUYE2wNmj74UEJPnSPaGudsKg2o="],"block_size":4096,"path":"img/peckshield.png"},{"block_hashes":["FJjcut+QtKb1s3EB9FifO3iyvbMbOcjyhawLvzwsOeo="],"block_size":4096,"path":"img/risk.png"},{"block_hashes":["iUwk5dpOmvhq7gRMaKfCd3v1v6i/EbMd2pskC4MV04k="],"block_size":4096,"path":"img/success-circle-marvelat.06c807d8.svg"},{"block_hashes":["Jp7M27Rgucl+hq55U75LXc/pJ+cGt5WCJ4ZeYLKNch8="],"block_size":4096,"path":"img/success-triangle-marvelat.4a18aed3.png"},{"block_hashes":["niyPW3rS8AqCoRJ5N7N9wqEmnE6JnJmJbtfkCa6JoZA="],"block_size":4096,"path":"img/warning-circle-marvelat.76728529.svg"},{"block_hashes":["5PhRW+feN3A+VsePVroXBHJAET8QmWPf9NiuJwbGpg0="],"block_size":4096,"path":"img/warning-triangle-marvelat.6165cf58.png"},{"block_hashes":["IDBch1icM7FCamoYwBZ0mY0wldxjT3zxpskoHvY7L78="],"block_size":4096,"path":"index.html"},{"block_hashes":["454Bp5SfibVyZN1YVze6hWDe/qiMOWYQxsck01X/EKQ="],"block_size":4096,"path":"js/analytics.js"},{"block_hashes":["Y6KfzihwOvI2ubvmK3X4PlZmHeNYyLdGrNk8azt//Pg=","PjHzcXHCnrLaUMi4ds1PM15swMiAL3TI+V4wqR3PovI=","JNaC0pp6Z4X2FQAFcMivzeqyqzZ0C8zM2A4YNHc8fuk=","1rSAbzGUgvfnTw5CuPWNv//0OHNZYOAD+91pALGGke4=","kqj7eXeSgM/T11ZHJ7UAHL2oGzHOdrN0i5IMIqool3c=","T/nJIv0TZrnGqyKHR0g8z88ZbVtoxCzXk908bvgsan8=","aJj345fziYihGwLzoRw0jMQS5DZJQxXCrNwZRtrwTBM=","hwCyvVSpySVwbLAEKZ8o5Y47PNyBpoZQNEeZgqX7xfs=","TRorAwqolSI4boSWkQrbrBmNoWBzStXjvSe3yOgCn8U=","MtD1sUQGp/9V3SvmECZpH6qW2iWRs6lVTRWXL1xiEkc=","xSYrCVb9qIjOXxkpvKLTMrjUJ0bRXcgiWXAvOb9M+s0=","HzqbGJYoEESyPLZEPh8ESomFi9d5ABbYN2HwRNMtLYI=","U+MEo61E0xbxwzyfLf+KN364n+Y99lEFXWYyrGF8dOo=","xAmWFX8kAqszKlQyU/2HqZzolkLRU44eHvQUKFNRGZI=","ijIahCTePT3SotzBUR0OjUy1w7EeG46HPZ9FTq5kotc=","o8tWYP1sG6X2IV/t5qwxBp5WmawkWF0eTGxCU9+XrW0=","WDRuicOyFNULGJgrxwE6qT/I0Z6M1Og/yY+IIX9y4FA=","IEZOvS4Tg+PujrB19WWDJaVqt12Jemjms3iegEKxHzs=","mSxXmtBQuR3+nbVJFQhGf7FiWvSAf34VGSIO8p8VhDs=","Vaf7J2oBWnmWAdGU3qVRyfl5/zMtk9xtB250dl+LvHY=","odup3jpJlFpXpGVSh8nzBIsc7HXNHkElnxBWphb2LlQ="],"block_size":4096,"path":"js/background.js"},{"block_hashes":["JSISO+w+JuWDKW2RwgGbbTzQZgEVkWcoWWdU2swcDhs=","kUbuCP2yJ8PfORvHq56OOGIy8wwN3Vc+/YSExkkUvpU=","ansXUF3b7OwLC84bRqIbqnbfn9TKE7V2jsdLmbJBFn0=","UdFofbfyhtNcWuGbh47CjKpQY+Cwa0qgSi2BP8HZXts=","CG3OAq/17mgN/qvFDZxDSu58LhVCkj4OpQ/pZm5KkeE=","VOp8m/b+qOcuNjOcAaxIaofgoTNiIbHhWenLil+xgu8=","/XGFtUIOAeGlcKEIhnTiWO4NP2LdGZELONOcLsOjEP0=","fRC2ljyPRMYIK6GWBglv+tFCiK40ThOFR/VBR2p1ksk=","D/GB95IKYqp46TFe45Q6dFaZCqKxgPz/QYnfW5H4fEQ=","LhkCZCXiAjv51NF97NHnPUlmYHmeONlK5rtBjKauX1o=","o9vweSYblyLFIaFDIJL1gYpk7fde6P8LJKYZd7dyTVU=","nlzF4Jcg5PMzIYRpDYgX5zg9uulBoq7noH16iMK7eCM=","of6edUSBwibO9v0zB9cmP1MLw9/GoyRhyUMLrijXrL0=","dgDH1AjRD+xXrsVqJtCTcCNwM5bG0Yf1qrw3No/Mq40=","iyrdVKmiOCwt/Nu4L1kZWgah8qA3tmJBG3K+OsRp1mg=","1N8TNpyW5883H0VwCU3Bj+JflIgBLrv1po5e5zdSxKs=","kUJ4lqJEPr2WJiBojD8v5nU2mgICbQ9+UiZ4y5jWtkU=","W85qHtIiSX4uFt181F79fxub8eOD6XxYW/6iztBGqG0=","lvVnS0Fm8b0XljGbHf8niXFd7je1eRcmyQ1gihvm0aE=","KQxtkt0eqn3o4gvcz9fQRk2shCdkblfCaBl55b1Lmyo=","lnQ8mtTzu7kAsitLLlua0JAiQQEkrrUY4+53jFhsC8Q=","jwXmDnr5UaJIl8hwHX3qF5UeRZy2RwlZ89IMpEupI1s=","wwwSygrsnZxSFs3eoaDUzTn99kgwpoPXOJA8V2GaKIc=","8r2Kfjwh4DY9j7iANG6CQOIQjubRDYvfD/mcZs/199s=","vhhbKeOUr2m5Sx8uryke6gkUPHAU0Idp2sEuW3X5Pek=","rwyye198uIeLoa8NlYIwzmDQQPy2cb1aan6pdm7HNc0=","c2ftBEUXQdFEIULQTI9xi5M3cu9yi/jcSxF9Mc+6rrw=","2PfeYasVRWnkjr4OR+n685bs403qi4CGv6UIKMaNOrQ=","HjRdwLKrEyhIAs43Ig91dxetKWKGYRVtM64iTE6g19Q=","37PXBNUF15RyC7XPr0wkCpsG2iQnVk5E41CirdMhVPs=","pF8Fs5fdXiXfgyQIlLSIzvs6LJAB73hkRRgoVyCBGM8=","LX/pLvpVvWXPvXVbn6SkYJHlAhHFc6wDDkM7QdpTNgQ=","KdmIP6h8VAPzZWRaTnf2GHi1wzKamRqdPFfAGD3GX5Y=","6WU+9rU7T1U3h3pGG4l8QiHxTSCI6ONplyGqiP46lQ4=","TEVvJSA33WJYf8u1eRg7UZHfbVDSgXSNaukQTU6JTgA=","K5j7ZSq9Tiqc+mhbkhrPbiTf4I/EN4mn0URZJ2N8DQ4=","fXAEt08PCRkbwm+k1vIyCFH4652vlpS6r3ePTbaxtF8=","RM3i41R/XjO5eBO6h1VyATdBBNYaJ+bgRe7fiqPr4EQ=","jfMuYuD3mXUJ707XPN8NFHKgt1hZpFBPAq+yx2zCl5o=","E0b5ASvZ7x8Uawyj9npEg4jV3ZOpjbMj7NFClv22MDM=","e+NiVMNOMX/r+7Me+GcAbIgt9tksO9Rx5Ns0ubQ00aU=","1icYQB8URTSvpUNF2MEtn4HpYUNXcFGTXpkJUVSDZp4=","eFHwoSiZEFJ2NwkTaQZiEBoVJ9bu8RaCT8Vy2onH7K0=","VoNm2ySSZhlPyy9hcllQKDSqHEaC9lf6IFPnD+EUH6w=","DaJV0aQDCaxSvQvoHIfTcwX0WbIGoNBb/4s+UQsJE4E=","3MNVh03E/oPGDWwOs2zSBpAcfDKSBvfauaiWRe8hA/s=","pft1XBjvMbF7c58JhYhH2is36vt+XRU3LOgahLHxHFc=","nGOUeWSHW1hqoD9keFJU+INKn3dO9H3+uTb6qhOzHcc=","96nTlStFGxVMzondERMCyRTvLn+iezCn84omMPK6mW8=","goIgY1gCqXtI5CMIEp2Pzw3lJETRSJE++PuXHXsKJXg=","KG8C0wnkalI2GxnuhjKNGe4dT6YzUCIImIEyrRlrrR4=","uCvSTN8kiXhbINAHWPis5JISmRMjo9s2aJj509OfwZ4=","yocLugw2rl2XY7iiauDg7EzY65tI+bjJ8hiYixcDaKY=","1LDvQt9r0hmNMDJ4vtcCCbyVzQpAi3YgYOUq+/mWUQE=","cSTOx+H6HRLo6F/MExvCGAfAogYpOxFJ24YnTnKYM1s=","qVn3m0XThB846xqnWaXIKiBQ/mVLvkXVxwq7Tr0vbUY=","TKSLj5caPRW9wDhpdR2cOH0/8YpztuWXIUGdqdx2qK8=","VzDkAyw9/1v99TZ0xkiRTBK7Zk7YSnh+feb726HYhPw=","MniKwC1dwxKH1fBWq3nrkEzOagghSaFvST93T01Fx00=","9/LiVscyn3L7T60mFrrTk1kOR1koLoTKShQKYNE7DCc=","zgSDv1HN2Vsb7AkfEGNoOioBOqpjn4P65DMpeMJi/AM=","bOwB6jiJezematkxujuUl0v5tvXkfWb0D3fRR7rtVDw=","8z2Mmt5UbTo1SD+WfhSuyBr4DbL/bbP7o0jtrLPsW6U=","lxwGs9G0Gbr5140JZfNgRzwp3pBdWYcBNMOWuszGkAw=","n1G8llB8T7LTv5iVOI/Ct6b2pwv2OG++jOMabt7H8A4=","0uHll5gkluIgYbj84+hpzeLDrWA+HNsLIu+MKSdNt14=","XFqfJ96wPxqOsoKC3JzTcK7fdAheXCleekkfvp+C5PQ=","erjx225ZIDBn7M6XL0CY79FknfzvWo0w4HbSv27MQ3Q=","QfaCS6MhtkGr3YLuyyGaO7KZv54UZ90VsH/i+aPjKc4=","82Nu3fxP7tl2FBfNG967/7Lg9R0JO7FQUYpWD3IhTRQ=","lg9ctxiZMkH58GpVKHf72wqWDk/IZVnP4wAekQAx2l8=","au9eaDmp1+nw1oMK3QTJg4PvlgS/5Q5cl6hObB8vUxg=","ckywj9wutQSZL/xwhjZWgcXAl6is0y00U0z98RW/heQ="],"block_size":4096,"path":"js/bundle.js"},{"block_hashes":["YrbKJzHovYo1Fum6KR994NME/yPuLcRrI2FfcYHi5xA="],"block_size":4096,"path":"js/bundle.js.LICENSE.txt"},{"block_hashes":["xq6YE7eaG2F5ejquhECVbtAppROIPHCrDb8drtNOVPs=","cYGo48n6hHzZTS3QidN9PKSmR5HxJLxrTjKk9RJQXn4=","uzA9mFurJtyTv5JCoiiV9wany0tTCBpFeMSMK47f/mA=","mf84xbYjJttlbXZTgevBLzUc21PWQyKKBSRuFPnPgB0=","oNclZkYi6WNY2RcLhZ10z+oYa12LPce2CdbunsNrDYs=","enqvTk5g+np+jT226cchwtRVYAYzY8USwieRcMj5/rc="],"block_size":4096,"path":"js/chunk-07b462ce.e4dd945b.js"},{"block_hashes":["phOgZoHyaQ6B+dCCWG6yYtH8wGwzEX7z8/I2uIrztR8=","ycxDow+MhPWOf2CdwsdepXFtnYzloAdrujMs7S2R4fQ=","e/2SlVWeulgAPQZ40cX3m4b0Mq11tc9JgICL8fs5VfQ=","/9vGPsWBZzLI+YTeYTSIKPdaxFOpgXSlevUf0PT8qVU=","oOAnsYx8zpSMGbaeLnaVvQfIqkxFTG6FVlHlwAigRmY=","HsrTXA4DWUhRQGd5uhmDuwKvaKUZF4IRfyj1dYkTJAI="],"block_size":4096,"path":"js/chunk-169adbbc.3d2e37fc.js"},{"block_hashes":["HFlJhsLVEdCRnhXxe+tAraQUk1AWsUBSST9jl6qY0pA="],"block_size":4096,"path":"js/chunk-2d221fb8.b7aefcf9.js"},{"block_hashes":["AijDQ2nbHdFbC/M9RNP9vzFPIUA1EqZZsqMFQmD9zn4="],"block_size":4096,"path":"js/chunk-31bf83c8.ea21481a.js"},{"block_hashes":["dUkUe5tj9taYk4OX1gBn0feMxkUejLGi1/coGRYLEyE=","ZkuYMijgBxjc683Y7Yv7b1rm/vEmhOr7Z3WrbUbdkC4="],"block_size":4096,"path":"js/chunk-7bdd8573.9a18a9bc.js"},{"block_hashes":["Hh/L15kw0Zb6TueOmJyq9t2D6gi0YCRFD9ReIF2T96c="],"block_size":4096,"path":"js/chunk-8e88ae20.18bffe9b.js"},{"block_hashes":["3OboTaVRbSGLCQ7CRlUfRM2sqbTwmYCXuf6LdEcVRxc=","VfP85+Ghn3DlJc03gYSrsw+GoV7TGE8vnASyGjesO1w=","NKZNDLRVjvrpHQSTCbg+JguedTrDyu6+U/XA6kBFGBM=","6DPjrBier7XKU9DY9Cqp9LbG9bIcSZLVOPFyjArgQR8=","lfF6aqLrIxIJSicTDGa2vKEEjWWofjTpcon584kopc0=","qu9X4eYs9ja5tKIklzsQY9B0Az6G2vSl4RydGAOcB3A=","ulM5Aj7HKimrIyQtkWioRQWf3JPyKJtyTfIfumtHlk4=","Lw2VQ3Efju8dlYOctkM9SnrvFAYka0D/iPqt5iZ20uI=","q0RXJ8Ef+U6d3suTV+aCTxhwKlXhr7WcZeMxKk4ea28=","qAa1CmppD2WmDARhcTyADQ8JgdFmn4H9Ym4+Qt/a6y4=","uPcnT3wQAFjkZzTqH0A9SYKjwoRSBvwJU6/itM23upE=","1Bngxy29SrUfGuZxGiD2teMjIaJ1lXFmQpUwIgOOckI=","wSxOwswyWcwh45UXoRp1k7jTL1DbjeRwUz0RGvPf96o=","fUMfAlglxshazXwApxJc13ape3qZt4BIVEEkrOhBm44=","Anw4WsOiLwqCR1pz+5mr9jZTjJgkq/xS3wUSXsTP2N0=","chicSOKWx2nNxNghdpUxGaaJknmcHzNFcB2gA2iS5J8=","ZnDNQooyQ/Hiyg64yNYRymkz+dKY4XF0wOElHTYcwj4=","ivex/3PoBD0bQDGXeyRreS+lIn5PyfcvACIrH0RH3d8=","TDRiLzASnUZaA+fAgSLoVFqnZUs8HT1W9sjZDThIl8Y=","OvizwFJOvutDb8qE3tCQhA+sokXIpT0pMPp9Nyn1irk=","2Y6Miuq8XrOO3CEug6MmQyNfORPp83ntiefkrKDtrME=","ge+eDjPiUT7ry/k3iEsZxdCYXVboci6BPT6BkWUT8HA=","DridHgPhm9nrlCAVOt5Xq8s2vBjXByLhG3kprEGOrpU=","8g8n/dd5nX1P6jKJYDcEZcsyKpG6wn8U2ySAbqeN/9s=","GYeEYRGKaTK2fF8KwRgCWqefz3+KbdOV8rat6EKbet0=","enC/RcYwyP3Dt/tYXg8Ew4R9/xOnCQfuAS2B2fvIsrk=","xhV672GZUqOVxub1HyElEES9RACBwkldZH4yJhnLNqY=","xsDbvp85iFf/Hu2uKtUSfQFZGrm58pFJyY98kSg+/y0=","c3vafK7sMZOieYGQrmtzNH12t8sqY9PWItZH45SsUbM=","nbDe9lUUVs3PGf2QnHJ6oh/1xjIpTEsBQBGdtjnAjjg=","kSgvaU+LUVuPQN6LQnCxiFZSZloibBjVtfHxGNCoIUA=","tquoZKmPkPK0FlBMoJ468KJRPJFlbHGfKqYppJIkOK4=","5P5kBb8U1JdKEBbLT2ak54sVr+ClH0/UUQRewTL68Og=","08LjqDp1Eg++uolmgFKHG7tuPWKRNkTXrGJbBRwtpw0=","/xdCgWkqMV9r2zfrLHPw7TpC4N4YE523dSrjskJGei0=","ESlvFamDwoebVmOhRBlOhYN8Fof8X4UIVyI14gbLrvY=","C0bWbV0Lsf3rcAfqcT+B6c1lUnKjgHbi7JgpZr5quHI=","6nVJxxIRxw8T9VeP2ikplligEFlafSYNWJrSf9ECvCM=","wywpUAm6QkFmSx76pnNKUyG2R1eWSdRoV8yUf5r2aSs=","wwQJko8ERel0E6SVtDRgByyKVvAuzdCj+eTNriTEmNY=","/J0rbx6oDNnzhNe0NhWTKGqJ2sLZBf/G4xtRjvOb8m0=","M4QwsIJujTU3ftTD8+NqE3FI7BNVVVi0GfkK202ctUs=","uHqAJIE9GzlVNFTn940cBpvhvmqzF3ThqAkxeCaH2xU=","SqNKxv03HjTLCE4Yz51U9+b2v6SdPBRllr4suM9wrTY=","fMCr7gMpwdM6tRBPp/OWILrR4gOZA3GHdbyGi5rAY+8=","6jxkBuNfwrUmSTN9WCS+CMkJdaHeboH27C+R4hb4NCA=","0TqsU7gfvTW0pCTUE561E8YpyCPycureNbJL3ReQQF8=","wf3nVu34PSop0tmtiKMiCCiHG/WypEljaBuiLwypFes=","ZeyNe65rrT827DsaruovZhUPCpQEL6sgM5vD/h+QSKQ=","1hRYqa8xkxaCYChjawmAWhD7pRpa/wmiy1vz1sEGFkw=","5+q8oM5qUYYWUQupl+IRc8g7lotCyWpOexYRIWKxIMg=","qhB5iInSORleAHLsxjuKlDNd/Oqqv7mLrI/UF/jqMLg=","GNYaeZG2k3n3ISG001ETbwrW6MZORN7sSXrOYVyJE9M=","666k4886m5MZR5eD6PZEApmjPvuN1hC8cOle5msQ/GY=","J08ajVgRk65zHRsMRbh1+6I21u9HYk3VgzwUC7PSCXE=","Sc6Q7XPW6r51y8j827LcyRLdp+9NOUk9Ql/pF28Df7k=","sYG2mGKE5Kkbl2HBzIAJ1Y6a0w7Vi8PCORslUNdkapc=","yAwBYQqkcUZrPdJv44W4AocyyqOfOmmRn5Zv8oF1Z7k=","MwbLQs5h6btOSzGgAMl57k5dvJNNgzgcFTXVlReWCVA=","9duM4t9NvZcZ7dsqhTmjaChKrW8E2Ez6HIDB9cNdSHI=","8/h5Enf6LmYID6Roszr2XGliCNYx40Bjs/Qn3IYaWLU=","W4Pg56uM6a0HipMB1QNWI+OAs3b4Osu8KdjZ6mpdpjk=","4f6njYaB5v3+t2Tm8pFQcgp+wQOHZ9sRWEorjudwH7g=","eJ/HC+hja9BjO8gCbvTlpX3XAqgfsNKT1jB7Fd9gRaY=","Q3tzGJey1FsHo/WpzLUDk2yz7zytufvdjbrxx7pfCWg=","EcfNveJNqzaJVw9871O23aXll3Wc5BgWKlaanGZHFz4=","ocLIPN5nQr2drR+n4EwbhdgR3cgz/6EWtwu/kRe0CTc=","rRukE4tf4oitqgQRPiu7jnQd0hY5SUKSPgFIhMmZiEw=","/VtuEbFXtBy2RVBcrB87P/+rm0ASLAxNhie99PiovAc=","pDVC7qdjkgpMNkufnDFw9Sq3HgJRkn7fZAMdVvchSsA=","RvxYk6Er76quHKxu0nQ+EVMVWfCx6Y66IuB4QPuh05A=","oKIsDGYel8Vylaqwvqezb61Huh2B/cnC9P/hOgMU/Uo=","dz/OvRMxAj4A508H7PM3QAxbeCZQwBPZG2ruk02leQU=","7jbLauPCqtqSfoqyRsgtWt8tZkojuKOxG8CkNevykk0=","Svza5SOd03ZZAcCmiJ0cEeVP1sJ/A6N8USaneXuTg3o=","IwP7ZggVdyqV7Q/GPfCN+JgkPmQepnvIsE3RuXGO8ok=","tfcAsW6lLcgvvpTw3hFtSWi+NDhv3sI5IXPfzKNPXBQ=","r/HEkkzNSSf8+BAaV+a423I8/Mr5Et7+pzhuE9Do3G4=","Ji38GH612BIzGmsb7zupVMdnoljnjbouzXUihA6BJ/A=","Z5vTr6rwZLrBdB2lYIdIno7WBqxw9MoxQvHQtSwC5sg=","XOnDCxjQIQC+q/bJYiQqD2F/Ccx+5xkNcyfrxr4Ad5M=","aQmd4ZrTZmtfR/P7HleeKCN8aW38JNXPgMDuQJRzzt4=","2UnhXQQkbLAaldn1klFhpkFgyRGaBxake75IQ0VE9/w=","g2z5i2HSgDRWC6e4PQ5YVUprqhD5UVJouZLOWQlF6IU=","gbwi2uEiyBSME7khcwpbQSh9jKlU0O1Fw9qZ8nQpl9w=","joa0uDpJ0lbWEVKlQn/rtjS+msdrnd1J28mIX2CHK7U=","inahL8BsUkTfGixOlOhWw1Hguqfwi8hJEyL9IXbbh24=","VSdjz1rFQ7CcqswOyNAzf6HnfxA59ONcweEJdCbzgtU=","lvBSxYnFwPrllaW/r8c4YIZYtXu34IJSA1aKqhfQDvY=","Qm1/1QGCWuSWpe1CMA/fCAvAon5siSt27RkiI4X7s9A=","v2RkOVlu8weEAk5uDT7wDgkMmQHO08XtRtpxogmKHPU=","xH3dzs+jzY8feK7JoPK9I4ElRA4ix1b7KitOxdcIGOw=","FIvlVN5soHfWAfOuAOFrZ2IHG+fpQMSc72mNjy88+uk=","AB8BIGCINe+eo0B2cJ9Bxc3WxPNTcliP/PPVlXaWyHk=","jzmvRsXVhiVHJdACCyT656dGnEcsjiwDtmp8TyKX6Eo=","zHFKdu7lYvp6CDEEugMG0beinpC5RnS/Q+9XL3X3+pU=","du3yrNEEW4Bz8H2BXdkqKEev5GU6XFPA20hzFdIDByo=","aDcwiCCjrvTSPx/jGfQXKlfBy7YEoTYvbFCJ/MqMnEo=","7CkKUIztQHtPCeOQbT1wuATiTCdnZRdwQDoFqjXk7Fg=","sTnjn2pP6uyvOUOpjYK7jICw6uYgmFExvMAnin3BMQM=","ftE6ndYVgac77zc6J036/fZkyJwMeq4y0d5O64/IRUY=","1kQvFvqTMzFpj6ptfMGPlZhqUvuLl/JqlHAJ734t4xU=","jxdORuvobFJnA7sSLAmddFTMGGN7KJGXiSJaOzZr8DQ=","LlFYjVPhlOUDaZp+5ZLHVkaUCmnwAaw3csOMdoNWas4=","9beyaBNRiT8eQeJ15xPcBGzCKrxS69zs9hcWUOOJuXQ=","XsvwaQ+FqNbprk8W+GHqXVdoXUeWJllA96tZrXKEQXc=","KNZUilIfJ7tlPniMvktspF2QFhNCwMXPIAUQOjTo0iA=","z4uRUx5NPquTJqv1L2us3pcpLlB7JtofvjYOLSFcZtk=","v6pT/OiE9XU/NmprPsmHcEiapv61wHCLmcwrvRRokQA=","sa951sFCMlqpJ76v4OVpiWJOIjPYN6/3I7SHM3riCdE=","lMXY8FKQuCzUjXgQTnXaWHQL0XDNNZYs/oAAyCmoPK8=","jclco7fFmUTU/aenxYIYk0v/BcSQCkr0oFa7XxwYpCE=","FeD+aK71WCS7XHqO8MNhoCc4aCN1nrhzElr5XKgmObc=","/4f4OlbpXxX05CM6Vx6byuWX7jvddVQa0eUeOenBCLU=","RD2DoyLleLwwHHo6SU1Low7z0l1d9/P9YyEJS7QEH74=","55tS+3TOrfyIDHzrFQbJKoVyGLWC9Ptg7xhIh+KQspk=","6nkU5Y8IU8LNUhNGMpxkHtI1i+sDoIDNgjsi6PQ0mg0=","23RQN/FGsqn6C01QxUb/NyeWBj0XhZi+WOmgBA9ucz4=","B2WL49T41TscFaJOENs0bovn8yA+85Nue+VzXLUPsXg=","Erd3+E3LyXAbyzpfZuV7wMQvp83pK73oZdBMKi1jqtI=","AORda3+oKqy5HUEe/co+xR4uixnUA4aOTQyvGB9CZOU=","3G8zABY5hs24bVAGLtUeXO7I6p+pRUuajxrF2pYQK5M=","7kMJLTxOWnRpU5Aof/3yYn8zxqUjxS2C3GHZRpp5oLU=","3dxjG6wRdSBOB4KPhsiGnk0nekedZzb40AOTpZkVKwY=","+uCPITk0v2l5SoQCxw8V+I4f3IbnIN19p03NqELiup8=","B1GZ3nT84/XYPq+YQ81CTm2Axi1ktRV5Cs7IYNh/qWw=","AT5eGVEn50tD0CAvSgFsJwrPw+rUD9XyzbRW1nsXS/E=","iftRit9rkSNdD8RZXPyjq2MDwJZLTNJof0TPK8A3ndo=","Q9UkQyrxC+z69XiX5ADJrOLbgHIs31f0rRSj35vgF4Q=","rp/AUL5DsqHZ1TxVPzUoS5gzHPMAO6ZeiC4ZNp47xtM=","6wWguX0tNLpNcsYmEHOVolLxtHfRcGMaa6u/29zkqCA=","vPiEr6s71buvXOr0ydFXkIbJ2i7w77fYxbT3GTKdZj4=","MB5dDB7sEDGhBt4umHmfDplUUVCfsGRCWu14H9XLqJM=","D9+d2loR37erXIjgdHyTc9Cub4M/VZv49+Uw6QcuFMU=","axrTPQzuzhh2HLbrdzvTLrjJtng5jc/YCAPjbBitXYg=","+FHvJkBp3p+6wx5q6kunVtHibtfu46IDmvpVHN45V2s=","tbhw1Nz0XmirzWkEl5iMIF3Ujp0YsbtE7doUA+4RE0M=","P74gzJDSlEizqeFSPd4aayk4x+BOvy9CfI6c04/ZJnw=","1beBbBquLXjownT5r8P7vHArgB1+JurgrjNb+fYnmuc=","aWADLv/3ASeR8lUBhhOoaCFIStOa7muTuVh9Kp+W3z4=","eLfyVwIKxLnuU3yhLBnXt1uEpitBeqnyW46aDg3QqxE=","pM+cmEV9+8Dwu0RmqTWSFKjblsK0nwf5dygfcIGe31w=","UatGB9Y9261R+5zPk3vYVOS8lQR7ObGNAKUGgm+lPIc=","CYtfaZug5phiTK+2iDF7XbMZlCcptVws815LN1krQU0=","lSBJbhSP4zZ0orIkOeMgQvfGv9ShJUSaCfbmMS8MwVY=","PDI8z9ZJeah1nPIbrtJX+4RTnq+jeJv3XubBsmm6m0I=","NK9dI61ZcGzXquQKIPHzHVeQ5SUAAMl3mhGpWH5UiDk=","Wp5bz+Cp6ffsKIU+KOpEPrFZ3ruJT526jQzBGcHmRWg=","HoXK/tdKqb8SKtwIf7MogkQUVa8iWkRGfeRvG2IDB54=","ZkcE+a26FIl+QsUciy9xUQ45w/CCUJCuVfnFoQoyYP0=","6iLmIGJPTwgER87cY0fKHSy6jpeAZo6BJnK+U4fk+Rk=","WnCdeFF2v8EsUehrFmDfnLfOZM1QpHXqgn8FD/HJd8c=","RQ3H35XlAeHEuz6zyHhuE7PQE8uhRZHq5THzM93t89Y=","VXXUAkPfn3EEUsCFhngGXn2Q76pRqhV0GZx6HttbPfg=","ga4TNrhd5FtenQIoAVZpw1le77sRhIrqcLz6MR1wJDo=","XxqV0yy7QPijH8VOcql5A57NRPAy2yFA6VP/Hr2LIps=","Yog+PFEsDSwKyHKSHD5BV8VJy41DBT3eZKl7TLQQnCo=","84FnNpQjfDo1H+ftP24CNfFKuJMf8kwXpNPcwiIPCjU=","V3gUVF/OGlg20a391cgCgbn2pxWbnIa2Kfk9CJrUM5c=","8rU5LJQQIxohTiLmnpgQF+eeltxNp5oV9Rnr0C6RPbs=","D/EaZA3YxUV0SKrUfA+Jy0OofVVqFlpZGZEmuUa/UKY=","kBz9yfU1bBkMYyObdyBzlfvpSxWWKSuqIjf3efM+c2s=","xFArOVRJ4Bv7Abv9SEtdS9KReHvMCctOzwv4UhomQg4=","/8ZSt4Ok4p3aRZtUOBQN6R5JABckT+pnShiKSQJPPEs=","WlmviOpNZUstryxgZSkRNXqJUr0p1XhHUUzthUmBYhc=","yq0a2h+zfxUZMupgAga58wXyJNFaD9CvBZm0e6whQxk=","RPILrnS7j6iRe9R8FuFRXuY/BMw5K0SUGqrPNIwueOM=","BK4L0vb3E5BgkqWrSN4PjvTHJ8Kda7kL7Td576FbXAo=","7bZDqs8J+3368933W2VSAfIojn/ot/MVuxmK+abs1uE=","8/70+fGsCq6oesCT4QLKQA1sPWxtpmkerzGz0R6lkAA=","e5UfE4i9SSIBwzuKQ4nL2tSAFzLYWfHofWIYrv6abxc=","h8PqTfBbP4+JswIVuCX+NgvXUZOyTR4HnNwtxPR8oh0=","q+17DSztlzOEGzOMTOfbCFR+aXndqjBNldk7DzPP10o=","fRRkkj0CFDSnx7sHWoBzrPVeNSVnaVSc5Hgc5hexJBU=","46SlGF89jrswgNHENaGI+WZyrLUB2bEjCIHwXUFEGTs=","KpzHo9D+kh0JyHYBXsoQxVWyQNs3ECY8K132bvx37OQ=","I+bN1DxdidB5yrhUrkUIzX6XnnKmqcojOK+GNE0Zbp8=","E9hfoi8tGHLQXLKN5FELLRfzdEbG80Eee+x+M7GQbpE=","3cZNESb4tPmaVC0Q5wOSn6yO84Oge9vtF+qESCL+HT0=","FXO1rLQExHeEnvEerLUjzL9dV7J0LrqsGcrCDFnzYxg=","32O/pzy7IdYly9ulMlWs7bTMT7gOsUxAzjAT2iBCDdY=","BrcVUMw3o315kQ6WoHxo6SX+CykKMutuHR/wk+IAF6I=","8Q2UpjRdeS7kNh/9PYeXZFCQYJAu3UuArWqndDaKR9Y=","8kNgr+cqTWEWwL4mKLCdRVRINjMvI15qhOeVBKhgqSQ=","j4t3y5l/U6PRRFBGhOx1l9xk6HRZu1EUZDNWSDQef8U=","nCqS9MfE4GGYhhWFg+bTRGmxCE+GQmywkWrUUB9TCt8=","TLEG7f69Tzt9vkx/Bn5PTnaS8aVzdlrr//po5j2GkFU=","RzfI/1+F4dBh7Q7kdWOkla7FW/6LbVQ/PtZ9eqzW2aE=","SbUhIAXQMId8DMa7EosFGoBFSYArJkPdQwiybT+OWRc=","3a4+yvEuRoHgpBPgOIxEMGBgPeUc1Jw0ZkLrvG1iP00=","rdMjxP5BqYwhWjW6C2xM/1E5iU+xfro1Y6/Pa+ise1M=","sshd0LgAAcUZ8m4v6777YdCnnu/3W84JmoLS5oBKzg0=","DQlQO7HuDOIbdB6zHv4xsBzlsixGrZfvPuV6klxvWe8=","aYa+iVHalcRkeoIXvVtADnV/zgTwNnoBgUkK8J2/ekU=","HMYLtwAcPI3G2UpltK3QCBp1OObHO7pdKDYhlLygLcE=","Vnkkqw0CPWOfAHIZjcpGOp7LF4TUcdxx8ivxYrde+5M=","0GKcIYNABbRw4G36kW55J4TSqXgz1BKxf8t7qdE3dgU=","6XTa3qoMLIRIhBIw6QL9Rl0FptPSNtfUW0LDU8H0fhg=","SeFAJ1WotADrH3YE/d7yTakXOHDCml+ybMMGUSxTZlw=","1rauvbZQVQE0MSQlSvs+ekHw6cu3UDZ4/9nn/0EjDgM=","+dq+ZpJEFNWdF1cp19jDhSANaSK4f4KUjk1JIbpRv10=","JJmMYZ+SXiAidKVg6B3x6rZtnMxCWi+tjv4HVXfWZQU=","PX7GGQhxA2SFNF6HbkrOi6yXBinA9HzBwkQBcxoz2MA=","ibOPi+lBp8mV4XP2kTl4QJ0Y2gBKOS0iT1OvZk6NTDA=","/CRdpmPGUGF8e8d5ZCZLhyEF8BBcVzzQo3a9WiIPBKE=","uS3h6tW4w87mG8z1g3TlC6HRR8LA/YWzgy8y0/iX5Ks=","vAuTkOZriRDFyA7/B+8pzYZqH9oXWNBYwKBMxJDCuEU=","U0OPt01C45Gph1BO3AnxdOJueDDQBXxMG72KpajodT8=","ITYFtdsgN8bHm8pf1wmh+mW0OwNfKQp+8XCrt1n2QUo=","BT0BYsDVxW6jkdrCB/7rLa3YCzkROdbKExwwZP3k4vQ=","J/DOB85VPUxD0W2DU6rdO2GfkxZfQ0TXw9PIZJ/CoM0=","Z6IyiIvIB/ywTYOipayJyZP1lsh3Ur1Zs8MBJA2TAbc=","8Rm/t+8MKFrk3wkH3hEzJaMLN0u4cke07sGCZRKsMj4=","HKGXZQj+GfcIkFrMHy4s1HujR8BO0DvAEg6SOEsOw1E=","XCRmzV1ePt/ViWRFWM3bukLQIgcpZOZoA/jR3N6xq3Y=","sl1IvTONudgaw7oF6QPSRkFTViRZarR/kUNInvKfd1M=","t9/jJG9bKIiv3wsrbyS5aWuZXv1KpbYFYM1JBxFPA7E=","GSETz3TcovgDY0xfSkrIZgw1IAYOX0YxZC9iJGuS680=","gA6sLdleYu3p0mp7SXVyh1XLSvkn9SGBf561ptu66P0=","3GsZ2BY6HCl80dIfVM1l3G0XfKW8JsXDpJi5eIRGYJg=","yzobWSpxOu3SWUkAxbyx/zTh3ZHtSPx20nNNVQkE0DI=","Aiz0xG+R4j+lC2ASVTf6RRknJkYX2+y7juJCgQJ/KQE=","ePqCL92xTdwAOyQQdve5FCsZgYedDHl8JIOIFsscQ60=","9MwsVXy464ySr3lTj9U71SIwYCFBevNvv6yJSaXH5sU=","v7EdrQpeX2AMSjTZvHknacamPHCCzVu7mYcZjp5BSMo=","ZoHvlIroikqwkzV6HpaWHd7/2p4vT8sFGKl1h726kkE=","sUmE0a2Pd5/tnHfIviqVUvBpC55/j/TQE9uUpAQyeCk=","Egd6pND5jEBNeg9UuwKqrKrINdHc6v2wdSpWfnnYBcM=","lxVzcwm1oQ4avjRHpfMP9qbulSNC7CV4Ek0cSAc9U7o=","OohJTLjhQFe0eu4NinX4NiiiVO4ZrliE41N8Bbr9ZfQ=","QUEnWMWezggNfIZPIfHyX+MBCV+sb28cflqNwO0nQkA=","xBvHo58fMD0hbBC54PW7Iq9niuDcAFXjj0/H1cAB0MM=","NFoSRYAjeGCn20KwPdJQrjtK3bilPFP5bRwbQHuMhts=","6uXL872sbq7KHLDoshDXhIqe3K4h5QYyowwyaIBpNTg=","T0OQw8GYfnzgCeHHcHHe+aHIn736v/7fUvXjVwE4OTs=","hXDl4kXhjRm9LZwicnEeCJsXCZtmHjZoNkvEsSnQWr8=","d4MSRIuSlEAz+8075DyvBSgqadnvQ7BYHY3G7I1dd98=","LuCf39L32o6XWPt9Y3easLJ3gxQ8tXY6+u1NH7YbjZs=","dz4nnnOF+sS2QgwXYEI6BoEQXkWcOY4+2DuGTbdZgnE=","oqI6s0yrT+BlIrtaBJMNXZVKxnrSz3pG8e7lO1b/1IU=","WMQ/6x5fmVn1tAfaaxYSvULnEw1l/FY20HZdAcrnI/g=","DgcIW0BSG+EEn8PFLjTF3etfcTaLk/5CGHF62TEs8+M=","HZQWCG5gSvF6c4Fu8PwFhog6tImlaGyCIfKAjthDNd4=","xKKTmHsEpdg4+YTLyt8LW9Dl62S9gq0fEnm4KKgSTlw=","a9OWfVkJ6IeCSSo2pXwXxWFK7TxaHztpZEW3GY9WZro=","82BKV+ZDDZhixhkwuA8nKMDisSw9ULN4TL9cBPBs3hk=","ePSa4grpih38806sUpiEsh59gmMP0spT4VzSeUmoxDw=","D5iQtenH64ddpigIW9a7xC1HWhAWyLIZprhyK+bZGZg=","HJHFsd9OwrKvqnowpDPxRqLnd4iFF8Ot7S263qN2FNo=","GXA+Yjs16v1yO9LA7jQJFkI53G+AJjAVLh3pDyWhkOU=","X1WGdgVBSrsFCvZMEtKxpy2AMIKW4uscrKYUeyC+sNo=","CXZERqOdD7mOz9ZskI4S26R84B1xUQXr96NeF5pCNfg=","KXyMF6Z7Rgo2cim0ClzKTOtDM0hJ53M179KaYYt8FSE=","L9yLOtkwUEmnXmF2s2N5tNAXB4x3LBq1t/IepwhZdds=","AOV3afmkidhf2Vnl8P7Z6y9AHGrxTFaeQCM7wVU8xZk=","3JqaydzecHyooEyffZIh5cidO3RtWXlptdRx4utrsKI=","4avzI2D3fMlJZDfos7ZtDF9TD862s0CMlARqhs+KUDs=","O5GhPvzhs3iQR20tEZQ27FC7dDQj1ZQXKuPjmUSVdW8=","TuIsc1tIgDMwDnVmdtttdBXFATCJJ3KSPBPp6YfrOwE=","5HqnPfV8SQ1J7Wgo6rb1ewG6ndqlzyAutMH52B94Pjk=","ce8wsO5r72O+GlJBPo2IGsumejYO483VeTBYMCHp1GA=","yfOhm2I3SNbNn7xmKlDDVBcKpyga6T7rlMFeYwmhgaU=","h1JfuIhzUZd7XlXfHKk7R7MFrW3ItQ+la9VCnE/fXPI=","Qp6JOQWlrrDNRoeS076S9EdFrKm7Jz87A6ubKGqQCi0=","4vGSOmwKMr/b06POkBPqdaj1cKXsEJIVaPwTu0OCmxM=","RixKjW8vbXD2/IwR6me2yOrfQdrAu6wV+NfZR+lqUWM=","FiSAZMPiRY74C4tuQPsid/bIPbl/8VSXGoOo1vD+oVI=","zXqO7AETpLKJc24ihMrqDFn97lilzMUk/aXxaF6drSw=","bfLuiV0lEz4KXGPobHiODnxeqvY3Nyr555FhI9ZDegs=","ka33H3CpnyJxri8xH72bS3wt7sIke8OLD8aYXO0bPr4=","PFuaFvihacYxKhELshj7ZxIqxyJJ0wLqOsvdZeUv8cE=","xXp5jgY7w95wO1C5BrBgQQRjWUA2rzJMPI41Yv25qg0=","6oQXVQz0cQBtu3o51myK94DLAtm+u4rml2NP5MnZu3Q=","2FvSjKoMwh6YrY5VAdpHrcohV05cDUmqZMlS2MsGsmQ=","MJujCHLn6kNY+EuzjLBuYPIWH9fXFZCnZ/MaOb+ts1E=","xuGHuKUC99RKxB10EjF/oqCr/LDI5VVJBjbDgEFgop4=","fWQw2wxY/6LM5jwPD4uumN07c65ONNmtyvkEUSmoxuo=","eEtRgkyzfWafZAiSyPWkR7dSQ3lAM3Zyxt3tQ0xn3vM=","HPPZnkd/Lmk9O68xxqS1YA765SKYjXAsw1RiZMdBsI8=","ApGLoTpJTginKT7lzfMUQq15HozToCqwJ8PVB09piQc=","AXIkQ5yyIHJ4wb5HgVJiUM9SviUd6BaIUsM26MMTQJQ=","iujUZa7bcsPhACCKCVjnmS5Mp9ME3t6jWnF5oG+yVb8=","rjzg26oRI8wGD+k3vwwty6fT3qOqhZMof0E8J7vZcCc=","j0R08eAQNYhkKwcpZ/QtOvshC9BRUGLzmZvwCfAFVN0=","v7Xpq7nmY7ShqfKaJ+Va0k2S0/XA9QY2gVU7JQ8h2ls=","qRu/GOiIJGZXoyWbrbpf0yDGrqxWBSDg0p5vnPuBqhY=","+7ZgFFtR8FURXQ6UqjySLHEFuOnaibYrYeINW8Rc8dM=","2XJ7VNdLqeEaTquQaPsc3uv5c1ti9DNPGje0Apfvclg=","Jzql4nqszNtDD4gEyS6kfu5JtosIWEXVxJmpDPcfNzw=","ajS9dumPVF1U4xJZurojkoR25F27H+GPN3Jk6oBtUdE=","XkUIEaJpORCZokNQuPRarfj2osgbNZK7uBm3+hmRX2c=","Bev6PFBNZ4jTi5hheSlvdUBlh9YihjESdVTH5lvii20=","R+gnDq/IVzBPq8P5hLIQv0OBxLK/oOAI0jXQpcZc7lI=","n95niLnWGGAOwixDQRkmd/4nxlKJpvDr/nGqiQcMKv8=","9m9u3ttwoZwGMNV2zy0PZG+j78FLQtnOzb9eVLJflF8=","hpFHynGMeWTpgfVh7L1RJA3mIKZ9OS+Upt9YHVu2ubM=","cci4Y49eRPfEg3E+M5YB3qpBeWAv4iai2cvZ+pNg3oc=","VJxSHqICRPp02E0NPgenxdGSRBIghPWWDIcj9Xw5+6c=","btrNpQoB4YWQeEVmqQs1lJ2bYixanyHhkqDdLLunfMs=","k9aJlGGefddn/8v4W0g6u41cvz66Xj2ORQ+ywCUZmFs=","p8UXMaI23ttCCZLj3Wi9Tdz9cc/AGNgprRZp9looyD4=","v+TneyDGUm/vhKhZy1XmRZ+csQ84+Hp+os1ueB3OTGs=","z0RHTeB5z4eyC/IHEnhVqQWbnK2TxWsQNTMZDcOlMMU=","W3/OIkUIxU/61UEg7eGnG+LdqeknNCAf/LyYmnnGURE=","SGNnIwh/YfXmonobyqv2NVY0OHTa5mwFVd4abE3fxO4=","1thEe+B4cShxBri5AX/L3fMUXdIT/ljv5ODOzU+WnPI=","OrBfi0lYSvT7eGd80P88FRSAvMxaVhgXFFTi5+Qhtro=","jn5wB+tTl2JjO1oWQ5keY1JeNzYmEfH/9NX7R1OTtgE=","ZX4BQHfYdLvGVRVU05x1kUodsFEMhch17UKP6XxEEro=","nKrvAifz7pqr0R9BpnVkPg3Gik7lURm9rmxCiBqgWOE=","0Hbmy1m8Av6gyLfwfFekhbxrGBVjIspvFb6APnFXaas=","p9zm4H6F6R9cvIjPN8LqTPLBwxW9QQzCHtTqIIqo8gc=","QO8lrTDtUj3V8O2bvOuyPa+pbJbgjHI+3g2iFjsyC1Q=","QiEwDeLxPdyUue3Tz60Iy3exsb2K6GMluO7ei2cYD8Q=","9/CMdfXgN79O21rtq8XVb/iv15spKKzJcIhC+XaP26w=","TR4WMNdFHKHfS9kbGP9qc31z76Lx+nHO+S7JuzoVLEA=","DGnclFuJ/bC6O6pdUJ+zyeoLBe4MJOY76mBmhVIZfPg=","VdmrCMnzEqyLNAnz7qok1cG1f7AppruqxkpoRj+AfP4=","2UCblscGj7Bxc1CTfLZRgGovfcbWJNZ/axKg4hAfLSY="],"block_size":4096,"path":"js/chunk-common.e87b148d.js"},{"block_hashes":["Udnh16vLwTQXtAKDOuLxmN3HvTny1WU/QekIxTMnNtE=","567gkzsac9gAo0fQsVCJk4HKffzzhQS//gyzawNSLB4=","Rix4+vtx3TjXpiTZWcTGvDDhfQdu/pkIYZ+kHCndeRo=","9JTl6bEKr2kSYu6Fho275UnDxoS6/NGTQ6t9t6LLQI0=","EP4k2kz8y040xBB4ZsfGykg0FG7NOa3UjBCV5BEMSTM=","lpeC+2erGSvuCrDE6lc2vWBbdmrVIvsGPHVXUnMi4Eo=","HK9pIFOK0HysFNHCiWA+02T801mVd8kdFeZCo/fpSdE=","Ht93EORK5YHvVhGilXGQwXfqrOhhrB5qn2G482kgzDw=","zcf6/4leRfZCLUaJ1J1JUsW32EgtvVpy2lIdNoDrQuY=","ZK0Yk4m2bqJD3eXWxjD8IdHiV/go2kNCxrUGhA5wu2g=","7K8Si0wtU4qWAPgiZ1PiJII4pjb38RMwh86ZeTubM4c=","25H6j6r5B/qg+q1ftqu2rkv/krNLOBISwfRO17qwbCI=","AZSrstTBUmW+M9dN5EDatWWGgbP4lFOSuF0jSA6FtTs=","yOyKCUaonMG78W0V2PAwPUqz23E32FVI+Z1oZck5/B0=","RuODgvQV9PUyL84zRPaWUWeOQio4rHhOpPoxWwnb5Zc=","mUI5hR/0GzpjZQqGu5rSnHeEPZXPveA0i4Y24+BxMrw=","IjjNr8welfpGOIummTkXx0cxBqdaMhzS/B5t8JZHl9I=","scWmnSOt347nuq9XwQSrJkAo09rRyF6SznntqBluueA=","3PbbmEFj6b0qHlOMTItv/bYjFFcxS1e/wJKz9s40flA=","Gecl0Ig07OQwnHY1/Lc4NwKsJ0E5pXkdYXuXz0g3m2c=","YOD0tKsSAsAGZXyk9WjLEnK5Oxy3PKFsvOyJv4JJ7/k=","1KBVhagCbQRzF0doW0608qaxhUhOR0TJm/3HUfGnCQ4=","oaHK4P1vDo+3A3fMHkux5jK9lBirABB9DdZIG69cnqc=","6GsM/75CW59i9tdbvauozzQgJYPSjbwTR9gnv+DU9GI=","yNH6CQrJ+cCFVdzEnAHubFt3+RvTH0Zw88IhdhYoyeU=","JSZ6wO7U/xB8snsUTTO9Th7loj40w/HceDs7T3XQTCg=","TwzwMwrXN7Xg5BPVNd1u/oFrGx0TMJmdk7qbrqwn1pk=","n86re7XHLqe5O3HTy/8Qcwu/gx0YBPmTAupSluuwXVw=","vRsK8TF92H0kyCvsstcnF4uKkC6wHOEPWs18Aa+D2zc=","hicLfst2amx5uZmvDMxOB2/ZX+z728yQ24GlREA0pOY=","w9625LtZDFPIRoLckSACvcOwBovXjY42RCIRHn8woEs=","nc+30uONh7v5inDvs0hG6TdYGnB2FAv1qnpMTiJctBE=","GpOuZ0JL/1Mat6ElwKon6QduLLWxntI2eKGHvqfcaUU=","mfFkIL9HTL5N7LPikGi1bQBO5Z9ntrg3KzBMZhyzxJo=","IM5xSnvZrIXcsDK5mYMJw/1SRj8cMw25kcD1xsUbHw8=","KSJoBVG/TCW6JmGcAxtBrT1o8i24Qr94qGDxyG/EQjA=","RFNlmxZGwAbxfRqZabjPVVE2vqxi/o36c2DgqC+xvjs=","JBTFPm3zaD+TL6c4C0jWiv4i6LvywrAVKfORQjUKGDs=","1VbAlAwXnjejWvNNWNnXgiSXlgWBXWyT63azSYqlPJM=","8HTzbVcHVrIzGwudSalt2fOYapYyqjocPMNGeyvu8bo=","kGmoiF3lchHvUObGS4RCZU8FgywMmhVZhp+MbXnmBp8=","ppa4V6vl7BjHDH1qMO+6a2FUvDBoszvjVbie6cGjHlM=","iqU8Crm/u5bgPgmq51R4HxzlcfA6jG9rDNKumTyQdjs=","ssxfzsY+Hzx1iRWlxfialCIxs/uAbxYf2rvE8dGpRpM=","9lMSFWgwwHMaI1ZSSlDZVf8IdyyM3BfOzwVB62JqZ6s=","DQE77ONy4qFbbpalr++jhD5jYB+lDp3xYaOzRziU73k=","fCmMQX124fl1kNFKSYz5OQKbq/Il3Ss3SCvaxWEyAAg=","4oHxO+q/G2DZEe7b1G4sXyvrzXdr82YvgiVIOTzzbRc=","SDnNRrYzjOXV7/Tiz9N506LbPzpwtJXZYTX6n+N8BDE=","EezAxaJ85UaCXwsdeJNY2cJ15Tl4mPzXDeTctsqJJuQ=","MjCWs1tetN5mZT+8+5ol5YBGsnoVqPixZhWNkR5ConY=","KpFmKezJG+H9l2N3qeBKLkuKjnvMgIk0tASjg3Euff0=","qUBXUPhNXkgUaF8wi1ys5k3+W8/qsGxX8g1/x81cJ3k=","2KxSyN3GQ64eI2Ymozj/nO72o/FEYNIc0T8aoGkI4RE=","g/KyIea9Fr2jEkJfi57YoS4p+gOPJpfacEkx6s3sM/A=","Hnc+/g7FWKsWyjAnFngG4kanC8AsI6ZgKpGRlkWv5jQ=","6qJ2RM16ZMu0QPKZRO58H3Tglxx+fThIZmLxyCbpsco=","P842pbXjD7d0m78LnPxmeeAYJF/aRPEys97A28b9W+U=","NGxvqqMETxjhDN/bfgUZ7Avw3HuLTSdJqcR7tDl0eHw=","SiS9iBdiyDHlcLKKBr7H6G1wl2kAjfP2aqGItiYHxGk=","Ta+eROEhLFHq8DJhsW2LzG2sHJLJ8afFqT5YuTHwRKM=","muAF0rHqGH24NEeubocYMVoUuJMdxnUDJOA+Jjees6A=","QadZ80bsm0skDEmGZiJUEjtFgovXDZbfIzd5kAzQUH0=","DhrgzSLT1hHaPDoV3cF7Gu6pdTjmf7hBbyo6QXg+uYg=","ban04POPsk4r/VNAgZKn4lCeIz0tY88F93xpqpwu2iI=","OPg3dsiD/ERHhjuvE61F+XTPNIQdFpnL62f26NZLKhw=","voknVd43KV20z6Mf+CPreQQsAgdWU1Hw871H9uPSB9o=","MtyyaGVFeUuAdmOcIkfpYsuxJhQUKZTLcsaukudqIT4=","YlyZ4O0kM/ZuUFEf9FZv4SZlHlv1MsFMFw0IF2F8i4k=","FslRemJsfF6APYAbO7mAGzbKjSmR8dXPTVdsQK5Zo6M=","5cSSP82hALBf5SGrmbYJdRa0esqGgMwWjzcPnnaq8dU=","hzpMggHAK/37JyamY8V3SnQrk8CzYqqjOWCcCeXKH5w=","SY0WFsxw/FyG1IejCVtw3oDzGJjDquqA9boag+lRG90=","YDDDAv7/ovaO8aQTbWG96/oc/VIajiXKYvL1+xbp0Qc=","Y1IRtRyylilNG4T/dHOSKz2moTLtAkWdQvLWOEU0Jic=","p9EgnPOWNrS/3GM6bfaQLtN4+mah0xbussxjJDUwWbE=","wMmc5HaYRUQhddon7wiMKqB88ikOJma0oITNJbSGUy4=","MECjxqAcsDYT7ts3cHAksA3A3XpTyzAj8UsbVu+1XXI=","RwbxAd9xsxabJuoJ8VzMxT+Whu70s5adIyygtvkNHcY=","1mGqX3UzaVOBR1pOQUSNU5au5HQ6WUW5Ke9yNEzSrMA=","N8kypjzpQSSDp4CMUqYNEe+gNdA2P+uJ8O6hTCuP7/s=","nW1ysBbhZhaPTWy1rqh5A1ug0DzgS0cJTJAe4eLE1sw=","+iEPMT1JWVrZvWbNe7VAeMYpIoDAnyDEktOmGLxLbYA=","qXutU/wywWgs3vmeK9a2gob9ZMazAOSRjGaSzihD6Es=","amtQKfGzfzBML8b412a6LGpjBK84wt51mGwGu2MmQM0=","IPxfRZBBwhDnQrZ1deCqRc7zwSO5poQA4hhTSWPXsmI=","SXOCS2Dwy+wNs/4/IJ03/pomtpDLKnm2wACSV4UG26Y=","Cvc0Brdjz+djD0NR1o9UvSSl4xNBOJIpNDYXQYssRX4=","P/m6XFTR3ijXrxEH3OkE2uRZhrPfh+AxqG18zbXdaSI=","UMe6APwggKWZ6dv2P1GlJUt6DkeyMw024qunb210qMs=","DzQZ1xdftZVLBZk8DF4PNON8X2q0Q/iNy60El2ZrPls=","GPqEQrvE+6ojb2TP0vlQigJbA/qo2UJYrA9GUmfBIJs=","YQwLNi1NKaNKXuj5tHPEXVej2KYxpiRL9s2dkYsCv34=","Q9YMhekJVq3e9kVgFJTPTNtCzcp9Vb7kKp5dYQRETw8=","PkHpY067Jc32aA4tuDP5/ttrJEyC1vpZQu8Qfqak0NI=","LapLD8PYrusmYA0/zGpmSGUMgHR4yySRyzpLW697v/g=","ZoJhYOFXDb3/fNW9D+8KKWmIKzd9wo4DEI7EvKG+zG0=","iyijFrJzSNF2gdO1dwmcumArkI5pHOaEJ/53gW+NnuI=","51W11Abassc8/cqJpxvOP4UOyYs6Wk4QcfWoqxaU7bw=","3v9rq13uOYzW2ey8G9t7hzA0X8QVh0cnYK0WOZcXyX8=","9l5L5FGxgcmFby1mXzI/3LMk8vNstoq34IU/Vu+HYvs=","KRAIzLlMiJ2WdbMtetFPJrINl+vOcZl0ZIptAXQXEmE=","YbPt2lkgwIOku6ysJTNcLT7gnVzA9465RIaIx6zo5Uk=","74dcRt/lRJhUqvi2hU7RwJaKcu7hAfzXczzuHZnBsrw=","AiZOA3B9rXWjGFA8+SOpBI8qNdmyWKqbKotZDtlEkiE=","pgLxVyVG/1Rji5B/OY2tvn0VRdK+qN+Wnvmi/VNrT9s=","GTG/8LmxoiriySZRwf0C+ypUJ4fJVdWUKNTJR/puS9Y=","dV9xzXUV67NZb3GXIhkMGnRPp7j2MCTfH98lDxVquYw=","4kmMBFC0TIl0MeY5An9U0F/naD9ZyZjHmsC/ejk9/As=","7hTFPwcrMKEJ679O3QMEABftqyaC5EZZeSshm6hHcsY=","y2ln+M4RvbT21GZgUQg9zLA48EasQvr2v2BQl8bpexo=","T3N6uHDfMSiXF3qAJW9Ibzk1RpmXYgD4zsT7QbHNK94=","CPVHgK2yUqWe1QSHUwzqozRoRJeeieXFQrY6OF9ZC0A=","fFo7K+fzwlhRHpl9jvg2aOHo+jJ1N/t9oRfd52wcZUM=","kXVDKUvwuF+HUrGsajtUYo1IhGxZ9NJQqJWvyneHJ9I=","WOvHUAP/dB/CWEle2sf6mxai9UVjD67M5wch/bcaG4s=","yZOvS267UTEQQThQ2PDJ/nUQneUAYJ89nkdLyPCu/Os=","Gv5Q1GvSKuXTQJEgFCaVRpzLv8muGugTaM8H2fjqQI0=","awavZvDimncpR5/ft7m8wExzjgu8qNFA6HE8W1l5pE0=","12lCvW3L4KRi+kIZ8CCBrxEpIr629S/TL8VhSq71Z08=","ijh1t4GGwzFOXt7bJWBmRXbmZ0pwB6+O9FX/9+EMsc8=","KfCuxKXcjX7SG6tCb6pmc43ahGx9layGly2WFoRHGBk=","VeUN64yLf0QtgOjINLIt8MLPKsHPPtl7eLeKXyDFxQk=","hUnUaGgOf6+GbR3bBB80dWm6vCJCRuhCuc+ow7UKHog=","VutQN4/NoNE31V3kMZreoUcgNf/R5N1L6EdsdCohM7Y=","L0ZHVvyC+e2sQcQuqiRETRFSKO1VyBSBSS7wGdore8c=","Aolljta0Tlx0lZ9LSrjHhB4kbcLgyMO8Bymrhg6CN10=","WynnNYhc85d0csWagFI+bLMf7os7IigmZIspKv4BVpQ=","wZYFGVEMn66Xtr+xT34dWIzFJZwT6M/ihXf1ylpW9wc=","YdVKhVGQzwVZrop0XdCJ8dKDJxhNT7LeSGd2Nq/21mE=","B142qQE2KFBMyYkdEFwXxSJ1SVswzvJUOxrtlkNxOs4=","sPyU/tpFRT5Vq7LH/Z5jkKiwe/TZLfDHIj0jOGhhxkI=","91pTGl6EdRTVy4aYEpMlwYppNnITWGVRbk3Mgg5IVsM=","mxcS42gYs75qNbwmkOEgPYKra5bKfejr3ch4H4v5SFo=","5M0a6HNsnHmdvg2cIaUOMY+q8DsKy5WGZ8Cgla3WCac=","1XO1izUACeFJYkjPQhjdfnXu73d+4PJuutU+jV7IrDs=","beZpq1HePeR5OEeWGSxsF9ugkJsJ+e8oiRIfUHFgagU=","JaZQPrMk+s+hd7CmAPZH58R/IMQcypHY6I9tFfR+sl4=","Xc+obXOt8aQRDL2oHB9FiN657Mh1O/TcVIaB+aLkdPQ=","olm4xRCQ8NPxgNkbmB0K/KTrCrw/8/NhiDA4OjGYT9g=","VYB3gk+3d4DfufGUixqGMtd5e9FsP9jl+eoSZYXmotk=","pp3X07TnfMLZLxtFOtZdrr0Cq48gfO2ls3HKpmb/wm0=","aX/GS6xJsy5GoqJtCtLEKPBHZslFjHCv3LDw7Rg2a5w=","xmsR/PgMXxg8cHPMRPBwvk0x6xBdnQB5Z50KHMoEaiA=","cDbyu21ksxyADDbhrp6r+WjSd6aQX4iTUx0omnz/F4U=","LTBCkM58v2W9h3CVQIKOc5fTh+1/0PW+CUaxRs3t8H0=","XlBb2od0WzU0snVW1zgoqtKz1mqjSWujz6HAs3TRxPs=","mLG9QAOpCYGHfI3Ifsz43NsRmVrGk0x7zvNuL/kYIEQ=","DaW200QsFmnsXFi37/0+WgE6dGWo0XntcrTSMMWL3iw=","MjxW+5bmauJ3zmwIAn4ex+kSwBBvrMxVzIrTCsV49tY=","dT1MCerXzFkuX2rcWOy/Rym5qIPuMDUQGWm8yVxYMss=","zjqVHPd/qSlkjfDNnsTmqnGoKlZWdALRV8ZB6PPt3I0=","QLNOYRwIY+pxFdeDBWZvFHx3d2EsmhmYd/nBbzEX8q0=","WHGlB1PViv2OAYQ6E5TNR3+XV07nRdEDlMcGlmD6OoI=","QXkcd3skMXvMdZk8lPYLOHVwmoyARQrDhZAaYoC4r4c=","jbEChRDAfa+tczLNPY+B9rOSRwMpBZl57jAX96q5ywY=","jGctuFxnfeZTXJnNJaWrCbHnXy1iXgb/+rHh/KcuOCI=","Vew1Vvd3xzhavXAljBrCXUwAQ3K985av/u8FUyB/u/g=","HBjC+3RVd3O0ceZCyF5eAngE3WcHLECjruwz347UbEA=","MOIGS0W+KS2XReSha8qxeXsxXLDhomTINGPxB3XiGGU=","OyHWxme2bSEnzBzVxA73nLIXoQKc75j/jObQCCXbZIE=","BqsCUQme/W92qhr/MKCg8StCCXlMRyyoMgfkZGNPQVE=","kZUDs7pHVBQ9kfiMH2vMhgJWw+teIwub65DhG5/Ap1s=","jSh5CTuDVKLT+4f14/PwUBhleAIQ65xM/nYFFcesJqE=","mkPL+2Bo2ihGv+6z8KVn3HMadstb+EsoCh2XOLl3RFs=","D1sloZHaN7OZPLd/FO6C1EtZg5TJUc5kwkg/VQAeZmk=","35Av8pTaPt17YICbmfSmZGPHCL4Gml7TOvQ7urhQVQg=","5jmyb3qYIQf/F9OLO8EqCFGczN1AN8Is7dHf13RB8k8=","Mpms4FVgDt9NbNylg/Y83LZcFWD/UyBSiMlzUny4v1E=","QEDJUnwmr3PmB6qZf8Mdfi6mjZNhq8FnZXzmJn9ZKRI=","0oFiCLUWjXWQ5Wj7xC4jlk+FCSzAM7jwB0ByuXvCSMY=","/1qg/ZsM/22IZE756BBIQRJ9+XJBIDQT1ki6uOf1+jI=","Vinu8ZpRXTYTr9M87MIUsU+CB4c0/MQjLCKDbU+mwwU=","LWiTHJUoTBNAi5EbGupjHRyX50wcfelfdSHY+iXKCeM=","yv1SGilq67ivyS2onV3wKqDRo6S/dUL331m5lbcgbpk=","6BTbIitet7JR5EBo7yJVYZVUk1mIT1sFknhzWHeOLzI=","LYoR59PHJdzffqHiBV0qyd2FzHJdx16xNakyw9ZawoA=","NrtnydOkbuaCqzpJfOTO6fNzcSGA1dFPXGJ1MM8krXk=","hlDUEHAJM+IYI88gFLcl2uwLweX9x+QJ+bYsTmvj+qU=","D/En82Ureh+u3xXhEo+UEYBc4leV3nL4rZeLGNWnmBE=","NhrM99BtqwR1uDvobMUygd2lxHaM6YzSyk3FEF6ZSNs=","DDVR/i6fZWl2S367DDHqVbEJYfIjoRgzPRF+dN2yAcY=","V+KeqxL5R/4v0woCnFgskNn9+IhLJtSTc0wpuAbtpgg=","Ilp864GvWzMlCDjiX03FHVJC+6ltG9D6PtFmT0Yksxc=","E2tZ7oDRwyZxx63xkDl4ZMAdcraAun9nTzopedG4d6Q=","CuAgRRYQj8NaE8PUNc4nnSYEJePWpOB4mYpBXd3qxVY=","XOJJQ+944/KZXokQK3Wmj4J5Ir9dM7DoWooXhDLSr3M=","WJfYyb5+yRYXOpz2A8o9Hl7j3sSr7IotIMMzAbBCT74=","2Df4SQIdZaVgWf2cVBMBkseMuNBP0+hodpXSIE6exkI=","e9ywytffxLjr7N03sMTOS2tScySC1BV1P7segh3z6Ew=","Gs/eCmoAkIrA6BY0yLAO4f4fkJKrJkhZliR7JHkHW90=","539K1VIDzKWsLz1o+mrIZcxUzS2Uw8oAiXu1AWdjEmc=","EMkCFX0EBeqmwmt7Z7VMUNmNbefezWRpth/jV6p1ZNE=","uXLiHCZEGlB7m66pd1xsTZW5loNppWtaZTl+KO7esW0=","quRJZVh+Q1Dd1Pl502X3r3O6E/hiNNEv15WclykMYy0=","rrg/ZZ+PHylYMzyDu01hmB/iwpWxZimBdkrux8sJ8SA=","tRytWjaFIc59wFRDK5JNl0P1G3Sx3E9k98eCTKfIsMI=","Io12eSktKXusNwkL+Ftkhqz72yDwnSSn8EwvjyEnnqA=","tSQ9sKY4JUipv/M++BNwku+3noQ/sx6FJMXwZel8ICY=","7/1wPTs15h810D7qhMWM4fz/SPkSSFfzI9ruCxpC4vE=","2DoJq3jAZ0FV7lmLmQRNVmP+l9s7ba6edNebO3NSX1E=","MiAb7kBKDydFMVTJe+i8Ujeo0taVcEcxCiK6+AIT0vY=","dwkknOv4I/tYbecP+OZ+n1t5N0bNQgtM/+HfqYFlIUc=","M8e7zHs1JPbzzUCCNWnbHDgfVnIMRv3DJic5htaHugE=","TOCFFAbdrc/c1G7XlBc/S5+k7eeTWrFTKQyd7Qg4xPU=","U5fiVKF2PiJfM6/0isiWQZ2emDk5NkvYql8Z9NolHhY=","r7aAZk6CVmZWXjeDBpFFg7cVaxwroMW1coXhRnDkqc4=","RQ6LpHc96oK2RkV1X/dR326bUimbGzbabgnLcYnHsYw=","zImg+9Vgg40CftweC/TiFKdZdvyPJJJGtkY+PoMZMek=","sgTv/Z+RU5fJCvY4zQQwW74H2d7AoGNvZJP+0Tu/B6A=","PtMVadg3i0J1uG5pp+1dlbdpRr64FNLHI5/kUjwccao=","gsQeDomjttTrCf1gJGg6Vq8oLLe7mTb40pNX1FpH+9Y=","KdgpSh28THZQtktH315QlIWfNHT9vKlcva613rGXd/Y=","MDIzNRDuC8qJe1/QcUg//JonRPbXgfLxyl/5AChZ6JE=","ZDZG9deoEelAhCly4gTWRA4DKe8JkCcGIoH9dtxPbII=","yQ3anH1YtNBC0OoE13pLdQhV0zCYI5QboAWHEUvV1O8=","ON/yWPeyuUJJLFrmg20rYBEsR75f+Juxw6xIXvEelcc=","csLnx1enRXZsjFqT5zdX89vog8ePn0hG8BkrFdQld9w=","CrzXaVb5nw3Q/Uu++8TYJajET5sOZ5aCnizUOQwRRwI=","LMomYV+NWgKIdBp7PJ8QGVtF8qGeftCotMGsvjsrJxQ=","yzhJ8n6/03vr9vVc+5BsA/ip8xwv7mc07ExWiTlX1PI=","pVdUUzJKilAF37Ss2cuwsHtcaMQTuwuVg7+8fLWhjMc=","FBFACS3fgsAM9HhonjLF/If0wYyCAeQ8SVV4FzhPXcI=","HlcKYEcA3qkN8yL5Huh43m0ADEcv8E4/pV3QCSrVM/I=","1bcwYc01wxZZJWZa4aWSpxQRafWb9l+YRq1Hbytdkbk=","Vu8/EllGR8OspZPQ65O5ByxE1mzd86Vp7bVh7kBBA/E=","/HkPRDG436nilasJFTpOmeQmAVI/kCdw0jLCxb8Wvnc=","JBQSAA6IxI3zjSB7R8ctw8RtnW6LSfzGk3Sfa5p9mWw=","mXLeJ9CFSkQkCGj8PHYFKlH0JKCh6F2j9fHLeq75y7E=","wDUqNTBSwzGMM2RgTER4JQ48N4r3RNkCJ8DjEriGvFk=","dxM3mcDU3Rk5cXEk7ElqCXoWJTvugXDlU0yC3nkYh8Y=","+XlumJAVImiag22jZBmye3sHxqOwbwErjaRIfH09I/I=","XawmDS7N5Zzo0CnvIn2lqhj3L8Q0WOb7F5caZDKpM2Y=","ujWz2iqfYD16T5oKwNO/c45X+7ofWyzm5Mjy/zKPpaU=","V7lMwa3iNLOUjhMsqgqV5Nc1zzIUEQbtNCL23Lqzeqk=","BaHO6McZyUIDpS7HH0jbr8bISERjKU9hh14y43JrVLY=","u2Fy4fSFNLIxm60gEg26AvGfn4dRhb70iH/xo3W4L+A=","qjd311V/VUbupO1BpQckxqOa06GxGRHAHY8LX36H1iw=","kf77cmyfnUF39X7f38xGKslXcfdJXjA25NibstbLrsE=","gcp2GnESvg+ZQMjytKuBI+29O5Pt9kfu9a4STHgrvp8=","Qt8W27tulyF9i/Z2D4gRP0FNTg43rtOqOJrvEURhZGc=","1WT6xYTCPrwnvscWGLscliaO4jo0aah40kplp4Yyoo4=","sFk+KO5IcuKrTrBsLcThGypyqKTfLRy0VZYeEeSeieM=","FiNky/LBC/ohXnVrbgZ7hy1veBJ2sabR6jMOYVd8DFM=","oMbkp9kZua7jBRdnWLjgNb25McsnxPXVOOG4gK6lvTE=","hyfg4YTh/9I0rnehQYPiJTVZRfzfKvMfkvfWjXzV7tc=","PWvLn2sNVXpBjlSQrX0UjeohLBSWsoV8N/eFPoFGXiQ=","KDfHiU36MZIDFKBLa6uZ20PGT+Kah/qCTpu4DAxUcvY=","rQVi6ke41qgEPKq+eQ4YlvaGv5Vg/BAn4FQ68gnRndg=","NmF7rrDG3ao5EPJAF4ZCeERFsNfNIVyO9QumdUGw7B4=","WclbYyi1WFJCj0bQR0Yk5sphuNz48QxDBg12ZPizE54=","49FG1I6boFZkHaOxhFVp5WgS29uEdm58k49RPKYFo3E=","leLI/kZgv9DTaNMI3hh605HyioEENjLLJAUr+0ybL0c=","y8WKI0OYE+aWQwYCr08SwaH4CtQyTehyLqavI0tr/qw=","jD3OaFGJBO13rYG/Lcoh3dfq4v2BS6hHuy0XNPgAW60=","hF4QZL7DqSNKGSa8XIw5TJN7F4Z5d2rvo0/MgbYwUU4=","wRico3sXFvnrlfl47tu80TtoW0spIjjba+jNi7QFkYc=","PQlb9XicQMfak7yuYDrg0pwTXO/9XzjogJ2d5XsVzpk=","ZsypOgGaVWA7AlFddLq2gqi78asRyNMYIKjRXLu0TsY=","9G7eDdi5Owd9zWUYWTAdM8tjtKxmODfBKOrEWYkOFdg=","0c+6ixy/PROVt4HjO2+NFE4LfEjlg+oT63AWE45+bJQ=","vRIKUYUMFO6fO5Sa+6TNhOiqAK3jdVZRZ9NdzgwE+BE=","j555h5loCkG6igQH0pznaVtj1Ed5N6weeHhr5HFo7oM=","WgwZ/B05Q1iwDa93WOyWub9yJf+KpfS1UcD86k4IHow=","0ZRu3O1VIAbpdWbDZ7lX6dWZoQF+GQeDTv29rMH+T2w=","hPXw+8qxF0tsEOGopcBS/hpC6wJfprZWA8Kb2KK9t4Y=","nJ7TKQML8sG/VGwlGgnHX3QyQLo+ZYAlohmdbF6mFwE=","/sj0BY/9VU8xtjkLzQB0D/RzHZsKSeL0mmfV1QnGu+g=","knBuhfRtxwCaRyBW5Q1GmiCsN8+d0VO3h/xOPhQN+9M=","qszpWRDrzr43o+ZrpbLjeVGHMVU76qKfGRd6ujMOmLs=","Tv+mk1d4oiy/XsUA4jfDH5UvrMe3UrkcqzVkLkEoVBc=","tqYFW3DrUOzie+321Eth9Qth5niJENDgJIg58ZdJl8I=","jz5AGUUWJmNyiiGsn88J2FUPyryIT5e0PoenaqIbNnE=","pWLHRL6voVooR4kWybok+CljqiLyyVv9TFOoANaz1aw=","pSHXI7R7S7bLXpQk7k91vlryVSZzK5rvjlQ+68ARHGk=","2Drtrrvwzs4dVBFRqO/CSuBjs4hfc0Lono4igUS2Fkc=","3NZzLS+gXKbTDSRwwCb7jRR60slVY/K+NJzGuT7fD4c=","N113X9E8iVYGOIqaSpZpNmU/Y1adaVL6aY2r1ZY8vD8=","f2lcQdFU3iU73a92NwA19xBJg4sDbizNPkKaNdxa5wc=","hFCO14YGP9FL4tOZp42asVv+ATP27OpBcrcuCDPgZsA=","yR3ZYdp6/M9VJ0Q4NG5r3FnnNPa2uLPNqNU1Ex6+kyw=","GgSEV/+hjX7teEAdstwzAmif9DmUZYuGIuEf8deMqKg=","tMHd0GlMcM8qM9peiHyT3CEjDJg+rR58Je00twR/Ui8=","gmNPuyx4ReNvqUtRsz1fHHBrVTyAk20JhkLOUBPpuw0=","nAglVuA4LXSy1VF81pm5dEKCbSmmIf1gLIil7OgfCt0=","1UmSzLijQkt4t5VMr7bFeGPXJIy8xuEgS2HbvJYZePs=","23YFVcXbbcw1x8nzdiE74yjtFO++Df/R5VdXrINAUVk=","gWkkHHnDMkBjW+4aCDt1spaHUwpE/oA4AyIiIhRsoWc=","IRAd8UWH0Dq4CxbLgg1MpC9FHMFfklRk4NabcD1hCSs=","n6IaSuu/6oK8VAT6BTHFSeR0nmJAJFRRIFT6WU99hU4=","BykJ3hTGjkDjkYLR+MgZ6823KFnZuUqTXJ717FPcc8g=","UvtXxHrSo4uiGbNLh1o9GCAdFk0Iak6gfjWWRatGIfw=","kNgYtl95TTZ6HFqU1xafDRljJOSXoscRjMyGbqvBxyE=","WRYa9RocckrQ8X14GqCEneoy0ZJre453h6RVbJ2zLGw=","lEQ6rfiIr4+LzVY+FORJBqMol9ivIcL4uKY3WnQWMNM=","ZgpSsmh7UWQe6FcCQTRLCqjLBF0QYiqJ5o8XsQCfJqQ=","oc+ZQLaPM2liqDSpXmpOXVFTPm+HQKyaCAnqyTuYu0M=","T5uXAwF16hPEhTXu98WF7s6AnjSakhVkLP1YUF8GkmU=","NM7v1U8KdIWY0rb6QBJxhf5j/VXBNVCUb4f353Un4I0=","bCRhY5Up5khE72w8K9qv1BK8khgah3RZWuPHA9EyXIA=","BcwVwU+N5m33FrQfWH8yMlIt9ytKKemb/P3KvHM69JQ=","C226FpazdkrB8Fk8HsDtFsKjjGFjfs/NjWdML9Ex79o=","zh6RIh8RjaRBZHnytvEgVz1KBqxTLa6/OXehtxNfPrc=","Fxc0dGK/NiPbOAbA1RW3/rgTH0zKqC2QB2hWGadNBUc=","a+CIFm2LftfPrneu2BSI5xbVwt3JaqwXSejFTIzmB/k=","xjVyJ8tmasjSDnNaI2Qg53xX8A+8PU99qQN8mnkCwSQ=","oG/ZC3uJmWQRK6yRtmtxpslN2UwhjYott5zBHIUnB2g=","gkfpHZY61wkDMlCCYP4QdEnSW/lRKshBN592V9bTjd8=","2to7kAe8BMUxlI5qHqMrnUMHQTYfwmMF3dOBp9K0Gyg=","gUvW6Za+Uttn/wIkpdfLbcPruWKBVV3ai8wDpZ4aNPY=","umh+VljiHO6Q9kdwHJtmVv7kh8RnXzyEJNnAdkF/Zmg=","4hVLrSnFtemlYorC4KVSI/nUKCyyXb1ykLgnDE1504s=","I9YWIXCgGDLneTXCtQUnUQmxyP+HWC60Ei/55bx7Tkk=","aGZk1+zqMNWOC8wBE99igacf2Ml3Rm7u/0QAKmVM6AM=","ko8ejQCIf7lO/BBAr2QaR6bX6jpBUGTZjKxPa2vw5BM=","+2jXsJiskpVg1gww5J6Y18WRu5HOX3BwDuZLxd92m70=","FjWDD05rJ7m1uNiSvlSOzjPkJUvcYe/AGKgclz8xNaI=","5F3a4jiwlWC0zfjEyOg8LlwUdKVP+CGV1vtKV4yMu74=","EIj9tYJa99H9V8hc1UGDH7aBv5sAdhVYkwmh6h3rwCs=","ea5Wq6TFUjt63qzqyr/HS4QaEmYdREIxBOTdcqZ4TnU=","2SuOtZGiWI7Odd1zhP32PgdauIZqSNQ7EZV/U0eVlJA=","HCJZtAv06Jiwp9ZluZ4l0bE7+q5CVFRicD1PzOn8yn4=","4DPIViI6ho59kH0QFdl4afzyS1ax/fQ1CZc+xN5Cjfg=","KWilysIQNFmx5x+wgAcHrepsfFELZbB/zZFkLm9o+Tg=","kHJ/hS1Z+dovJPTFOgdZH7nYkPfOmwm8P/isN1msNks=","jHz4UQcideJ+M2GHUcsn9PlU5wqYU4O0K+LXDJTnSIw=","CrEDbHSceIXynhBHoFubAAmlIrbmuwhR2dcx81nfWQo=","eodVRztq8szKTbgZCwxoMV4hfAgS+W49+j+PBFyBOkA=","35eKp8fu7s8dMwE18nlWrIcxmbeU8hXXgw6XgWfifWE=","vmHhG1+WHWBBLdezWN7yO90GWWjwWvQRjL/NSUQugCw=","rOiOTG1TInV4orqFzTjwryHSn7n1RMMvHfqyT+xwHX0=","mvBH4oPIm2Ae2FAq0KF6V9MBXw94g834FZVOFdt+DkQ=","diek1hX4gNqlPuNFVhM6wf+rUjp8IONYaxILTR6EoqM=","+LE9JETHxqh7noTg4Lr3NMNRVoOQgJG6QhZdp3flh0o=","qPsxHoc5ScuRrHyxM4KL3McMGNmY1Jumq+n/BumNoNM=","pXKEjN1ySoC5SpGI/xhv1zNnJbcps+O1JF4TZ9alVSs=","MUWpSOJrBPv+iSH6Klz9ptCTp2vrV0Ou9ed6WZwiz54=","wNCGolX3Ykef4m9Yzmz4BmQiJqrBi5kB/Z/V+BI57ys=","4vRKbvxTOqEV8a0qMCZTlOHaEQ1L89FB+6AF2rwRtdQ=","mdCjKuRWSrsr24fz5/PBd/qPU8c31Zsf67PEhjtyGSQ=","kCF8RkGnv23xxdAsuwuxU/9cx8kvAunipCWYMPXr+cc=","tWBAuQS6gKth1xEKtCk/qrVQWVcPON/c/VG5ek+HRAc=","uoLZthYouAJjwByi9ZUWYcSMkgLiymnTmV+nV7ABSP4=","BEcoOYmCSV1p6pWuUanuBtU7p13y2a0BerjfnCRfmVg=","+rms3JW7Iqvlt0OBLrGyb+T5UDkUyPPUqGifW8WoOnM=","yA1AAjBwYUzDPKJvZa3khQoQvXJM6S4sE7bsRDAHouQ=","t39ybzuewe1iTFKoFnyiGxL4ftDTdDcTVYJ0iA8yuIk=","fyWFyEi01Dkr6kZB14Q2I3XmqfgCqDgiL6lDoG2Cu/I=","PcWocgDg4S8RIbkiVcCJJ0u3Z2mm+5j4PF0xJPg6Ykc=","5abRU0/a9ht1Ht1EpAG3ykHny6Ojqk52w/+rcFkI50w=","YlI8OHHS/UoPdjBR8gMVcz+GZ9Pe4YEOa3SBcUvIha4=","/yyT4iycsvVR4GaqMQ5i3uaPnOFT+1IZLJ4KWoCFTjg=","JoggaRCB4fMkw6oYeDfVkz2I3n9FVFG8ZCn+4uQDMUE=","RMm7wjO1QSbWxf2hgl7Bnmii149w2C9hjIzLEOu/sMs=","Of3nddEQTlvQtmXsTfwlvDyIFazgbZNvmvWWyv1HM20=","kH1lyhz+blW48QZ3EI7jlk+ocwt5pRGzdPwt/xUg7Ns=","tQW25QHfxW3mxtHM8ahlzU34unM/JwsJVROXq4QHDQw=","zFI6xvARbXo9KvSkSFlYbhYJc4pCKwuauDVa9r5tkcI=","dScTueqNyC90qRYzE9oOwtt/jX5p6maJKBTd2aZxyJ8=","Jn0OKrz1Gab1UQr3+qAz5QqFaEmAIor+99kuMySYM1c=","OAMgQo4ew0Fx3dhpnYXeDslaLkNtUBoII8Shh/Wu0aQ=","cQ5tj5R/cvhHbvLGquduLK6mwZ5MPWW33MfGBEuwQXg=","JbHI1r1f0NZRRnwVjmx8vOWWR8HSD0GcQssdANZcLZo=","cWzb+62hZ2HUIUFV7BuqkWlSv2oymf3IbcG+aCZeWMg=","x/twdagt5qPsfhrBgAj0LZqXG7QxmUB1uf2krD3dvjs=","ZQdd1RKo8w6yYmon5ZuJp2UXsoVBDCOMyXntKrQkgtQ=","gyRbL7Ue2tAMf/zXzu10dLIu/5AzRurUlASdf3/PmEY=","XFHsAqS26IhvH9/AzMjuI6KI/oHItP8VuVrV0yF4sM4=","7+PAzwK23xwibpqca4pA2r7imEIOL5GMBmkUP4ruhkg=","SXQ9M2ekcAMUfiGTCX22JiR2tr3N73JdRObeQCaLRKY=","I7MCKbPrMiSD9qFHtbR+yC3hO7MomeQMcTQfQz0+GDA=","68MouAj9gpdFrx0/Fg28QpyxFWYJnDciLxD6QFiXaL4=","x7eF4iycXaZPd4g7p56pK5ZP8e8M84TBlefuVfzBi7I=","j5Mkd/RnxeeGgQTR8jKcXjbJ7CZ4ob/Z0ZyHyci8PyQ=","TrtLASApnk35ua4gl9bAaKzY+4VwHUraXUboAQlM6Iw=","xc1uOV2SrzHZN6mR1e1fC0QdxgCjN8lYA6tIOT3Iuds=","KxLRcLyo1XKJGUH9wE7MIeuVI88fQHrKzTewkhNDKfM=","g32Bt0v5GyzR9p5KfQ2YPClv4+u7WxNQMoYMD33XmNA=","nRd0H9zzTkDlYY5TXKt+r/erOo+ZukS77GNPPQPPlOk=","vBerWmMdRBPiyiozgTArYCf/xmiCSv29+BH06k064tI=","eWZyruQiQdDTQllxotPWYCfRmp8DeKKSVn/rR9uLNLU=","qwN0rhzPEdX7XaQg7LNIYc697nqC0UKK5v7FTkOzgUg=","4nX8qGqrwOXirkLAxUdN0hHJNdSY0tM1Eec1y14sdT8=","iWvQwTnkT1ti3K9KB0H56sblppmumoutq6P1T3Zhd3k=","nnxsXd7XE3ltQskUbugqv8gPl4K5ban0B/8w1oNZz70=","opImC51HHAGeX01t/r37E66zMV5b6bms1vHyR9GZFk4=","kkCj8BtrTXiBEMcOtpIRWsEFWeTtdS7rZQfbYe4JNUI=","gGDPGzHCoDFcZ6wFr50QNSJjZrgRkpQerrwP58nMCVk=","gN53dxVJDzY3Npz6PQCPTthlAL7X2FUCW4vAUbkxrHA=","inmGRiUUYPqZPDJ8HTQxsCNzh8B1dhU1hEXonQI91VM=","SkvW+iO/y2KzW+FgtN0o8Jvqvaq6RGfAsOxKO4yBBME=","IynkOgw244GNeLvBr+cLeJkFLGKPS6j5xLmKKlQEZ4g=","jQwxGehGaEFOUeCqRFjxom2Hb3teb3f/tAdtc4OS6yA=","CIjb/hibJALvLom050rlk0QrFB9VofVslWiTajy+nUY=","9PRRJp/8FnUorS9FXGJhXa6Zqo0TzbQwxVTd6G8jo50=","0GQc0JJhylA8hZyflVMPT8FfvE7GrNNVo8kmNQq+sPw=","L2Z7vebVP1lxKFessS3b88UgCbMWNOaWP+0FWQXCf9w=","O4hYU9sgxcbgfmMAsVt1nTNISrNeZlFrPmilRbPMQrE=","oJK0uVcGWxzm6o+AzijU2HN3cuIlYr8oR5g7+ePmjWE=","RfaP9gFX9m1Wlnd+E0aZnw0ipMHV6bj7Klme2KO3j9Y=","IWmyXH4ztFqDzc7JwUYX2hMqNMB03cZP0zUxQ0Fx3lA=","fkCWGnsEf0Hh/iBDDBOELJ+7KhR8nT6zEsr1/u6NBnE=","drgpn03YXrTnH/9GneFssDcGhIpVOa1WazQay96ZOwI=","iy1gsDssQlCGhOmy6jcx7Dk5Rn6qxebGBomLleZqm+8=","FDLiJrglWeYqv6OqOzGtglOnB7v0vwyyQ8IsmGcakMk=","Eu0oWx2sgLDnt1sn3QezmRRHSzHoGX0afZOjP4ted2g="],"block_size":4096,"path":"js/chunk-vendors.ebe05545.js"},{"block_hashes":["nT4iCGkt+6rslVRqTKchb1UJgyd44M4st9iZB5eINIs=","mSgURdkl9FMO/0d3TMI7Osc63bas1lBq+vQwU8ka9DY=","6V5T32e/JZ5AIMpLRtjs04oTeWEuVMdumPG6OxOFe8w=","6N5eDcA7qZlqgaHZ5STEvkVvDT6JXWgj8/FX2T2RLW0=","qvBaWBr1yyO1HS1rfDReuekhvpoMLlSG7ePLFvBi0b4=","PA5Wyzjdx80sLZ5+DRdKLV45SNIQPh0ihOadTmuGA0Q=","wMII76AWdjA2oMQbR6m5aX9AOHczlmmr/3qE7L9XO0g=","LDcPXevrWr6jWNM6ZCo6h97zes8rDzpcXLRU62WSyjs=","Do02BCY6uEnC95tX/fZPEiJb10MLKjSSqgRYkSzYIAQ=","0GlXEH6pLYYIJ4bP/LombV88ju25FUQ9nLbrJtxMvNY=","5seQzjc9ZzwrgFGXeb9vegDRjX87D5PpMFfMvLS76NY=","7b4DCkZHO9TKPJcqG3xeSG0243domcEx9T8Lhf7y31k=","6ZY+FJcKm5XQds+c3P1Vy/3RTssLzy3jQ5UJE7a/T5Q=","cSJ/RLMs3XFeiiNvvDapT4BwWAy40yoQIxBqyJ+O+Ec=","+pcOeu/qZODaftRURWuOBCy2ruzm5LJyr4eltP2OBek=","4HbhC876DFphDCc7QMUUlYlYAiuaZia3h8ezLFnDfqE=","T30opbEGygXEELYRgGYKzU02UttG4u6Xhi2CDcRXrY4=","qVWWo2q/MIW+8f4FKp6vTbqdONXVBFd0K47nvT8zPPg=","qbuQesqrvouzbtiuzU09kUsHj+JJO0PREqoHUGZqltg="],"block_size":4096,"path":"js/content.js"},{"block_hashes":["tO8M0rWPZzbJjm55smvC6Eqx+p3EAA1OiGKBHELL0VM=","tU1pLkVkvm8F75F4iWvMhA+sBZPUjYoCp8Vubfze2M4=","i+FOUmoRMIBsxH/1/FIS+I8ETmkqDlG7S+sVjcwlXkQ=","aDoxtPK7RrW3ABBvDebPUgFOb4ouItzC/SiUgE0FPWs="],"block_size":4096,"path":"js/disable-devtool.js"},{"block_hashes":["ZxFYZZTCWKdJr3wZaB3jUY7rsXWJ02YtVdfLlfMiaG0=","niNHw2SAYQdci1JUbXt6RPPYb3bKcA2UcsSL0XNJDfY=","anpy5FxFC465uoJgHORKWULCmqQVKShbiiSHbo+DBNI=","PxwKMF/jBxRH2Vy7teVsnNKjBBF6piAeHJFgBaOoXYw=","j9kVdyEU01UgG5y7UFFufM66xYRxFHzklNumX1+wbQo=","b+h0fyByUFr0FQaXSE1v+4slGftf1isYXjubfjH21h8=","+Zi8GOMoG2GPcg5Wn2yDbfkBn6Lijq2kD7iEwejBRxU=","o+85x2IR4b4ny+zk5xacuW6pH47sPUTDX2LkkbXL7F0=","R8mZt0EwciRgH/axRLB1Mc4GxcHwEGspQdK8J0E/Zzw=","hlQ1XkcBnNGuVeUUqfWXVKt+EysanFMpwjPXPWKQyXs=","rj/743zA9HSxRXoH/t04zUKFH28yhAyIzfWSeZIWmdU=","/ie7kKemgLJsOGBhQbbriEGFrf+YIIWxvSE1MoiT7CQ="],"block_size":4096,"path":"js/ga.js"},{"block_hashes":["w27NXR33dyuA7+ZXHQfGmYL96YTqSietOFQaL1zVEJ4=","MtrqN/GUyi/KfiQTiW7QWi7SQNumsU2I7crxQVihGSk="],"block_size":4096,"path":"js/phishing.f154b816.js"},{"block_hashes":["igAoCNbwHL9O6ZjqtFt/e5KI95SXAL2dnxvLmcwNOJ8=","EF7yWyQna5YX2TSp8jz/Pnc4A/NqDPVeBgxm2ZeDQ5o="],"block_size":4096,"path":"js/popup.895cbf5d.js"},{"block_hashes":["WQgq4HqrjoEFC0yF96RQvxpqjlX3TCZjy+oOYix25KA=","e4Q2WG2pdHIkJgOyf5y9xEi8wnnMliR+zIkr2evYu9c=","GYoLn/TxnofErZpRi48oT2HpzmOQF3Ff/pvaO3DzHsI=","5BE980RK/abChFDnI5ruk7feOegtsnKEzDMRXNAhhWw=","/ZyK+72IdI9DYeOiADM5hgLzvjhpBrPf2nlqkZ05mLc=","caesQAKAkSsQjocw/odbj09DfRMpC/O9msr8IYazpRA=","YqHR5d3pBF/munwBDqCJIIqCTj4uL51mVjsA8qnkxSI=","Wu2R5rtME4DB8yJ+plNn9JDNU5QB5jkVFQEXZ1Qo3aU=","7cOHzehfApojSd0nQelK6z7UDujD6DoDS9NUKZo03Rw=","JxOeQ82OArJvqiI2BYW1OhSHshNzY7r3QNz6Y21czvI=","O/Fi4H3PKKtlkQ3ZITr8l8b08QpWsd4UFRdX6iq32UA=","g1nWoSW2UxunXRtNMKU3eCgqFzpmEEsM9LqV+n3txEk=","IaIAoc5F+9XnMV5bMBlqCAHoZjbsycDHpiDoUhcTfnA=","3YqNZjDRzQmkJj4uZPv1Qy9DMH9XsHqocY6R6STPgI0=","fzvfQECrzTNxA/asdy56EIhChbG9t193P4imQqLiEck=","cuCeZv4Jae23BtS9UWkKyfqNJXmOo3Ak7qDaLQNhmc4=","VOEiEby36BZbGGTHJE8QCJunOGJtikMr5h+zLs6mnMY=","gWbhPvGVIejQFjRiv1pG589ewqqzN/lJQONjqABhR3w="],"block_size":4096,"path":"js/simulation.js"},{"block_hashes":["PcxbMcFoeXSMFgo6i08FlVo1UZ5Aa0hoQDeH5HMx2qs="],"block_size":4096,"path":"phishing.html"},{"block_hashes":["UiYN3jt12MSqCdYYNmljx2yCazr7izaq/7Y9aijzu9A="],"block_size":4096,"path":"popup.html"}],"version":2}